checked_utc,dataset_category,sport_code,official_sport_name,primary_tag_id,event_slug,question,market_type,condition_id,seconds_delay,status
2026-09-16T04:16:51.331497+00:00,Counter-Strike / CS2,cs2,CS2,100780,cs2-aaa-inf1-2026-03-10,Map 1: Odd/Even Total Kills?,matchup,0xf6a2906c40b444ebbd5557af28e21a396fbdb2091185f194539dda607a2b4728,1,checked
2026-09-16T04:16:51.331497+00:00,NHL,nhl,NHL,899,nhl-tor-mon-2026-09-19,Maple Leafs vs. Canadiens,matchup,0xbeab48738c12339794910d8a3244f05273f58b1b7520bacf27bc3b0c4e1354cf,1,checked
2026-09-16T04:16:51.331497+00:00,NBA,nba,NBA,745,will-lebron-james-retire-before-next-nba-season,Will LeBron James retire before next NBA season?,future/prop,0x73057b771600660ac6e659c5b831587fd3bdd378e63f359731aa3e1538577fb0,0,checked
2026-09-16T04:16:51.331497+00:00,Formula 1,f1,Formula 1,435,f1-dutch-grand-prix-h2h-2026-08-23,Who will finish higher: Albon or Jr.?,game-like,0x5c8065d2315780558ae42631d577be719433d176a3e7943fbfde60ccbb1c2ff2,1,checked
2026-09-16T04:16:51.331497+00:00,Dota 2,dota2,Dota 2,102366,dota2-tt1-st-2026-05-19,Game 3: Both Teams Beat Roshan?,matchup,0x9d48bacdefd7ff23454d24d81aec33a61b63b0c5928adc0010db2ea6e4c0a82a,1,checked
2026-09-16T04:16:51.331497+00:00,Valorant,val,Valorant,101672,val-tec-ag1-2026-05-20,Valorant: TEC Esports vs All Gamers - Map 1 Winner,matchup,0x96e48a99fc4cfbbe5d03fe5ae3f299a94c7d4eea4f3d6b1bf8a1775a70b9ac35,1,checked
2026-09-16T04:16:51.331497+00:00,Esports (generic),cs2,CS2,100780,cs2-aaa-inf1-2026-03-10,Map 1: Odd/Even Total Kills?,matchup,0xf6a2906c40b444ebbd5557af28e21a396fbdb2091185f194539dda607a2b4728,1,checked
2026-09-16T04:16:51.331497+00:00,League of Legends,lol,LoL,65,lol-al-wb-2026-01-20,Series: Anyone's Legend Kill Handicap (-10.5) vs Weibo Gaming (+10.5),matchup,0x5e47746f9722b13a5a1a32dce9315a86132aea8991defcc68f91be89076175cb,1,checked
2026-09-16T04:16:51.331497+00:00,Cricket,cricipl,Indian Premier League,101988,,,,,,no currently accepting market
2026-09-16T04:16:51.331497+00:00,Premier League,epl,Premier League,306,epl-che-hul-2026-09-12-total-corners,Chelsea FC vs. Hull City AFC: Total Corners Odd or Even?,matchup,0xde01940402776be5c8d2675d878f11a60f633758586e40723580539a39852c90,1,checked
2026-09-16T04:16:51.331497+00:00,MLS,mls,MLS,100100,mls-sea-rsl-2026-04-12,Will Seattle Sounders FC win on 2026-04-12?,matchup,0x35c84a4eec596ca623c2d5e674de271dd4883f28a758c1ce6b2b90f453ee2d88,1,checked
2026-09-16T04:16:51.331497+00:00,UFC,ufc,UFC,279,ufc-dra-tom17-2026-09-12,O/U 2.5 Rounds,matchup,0x73a83dd306c731a81dbb69208cf2fcbe8888e99659eb6b0ce1cb4b22ba2dbf25,1,checked
2026-09-16T04:16:51.331497+00:00,NFL,nfl,NFL,450,pro-football-cardinals-vspt-rams-season-series-winner,Will the Cardinals win the season series against the Rams during the 2026-27 NFL regular season?,matchup,0x6027c3503c7ffb751aab27f029880ce3db6d547de175c634bfb6b6e18fd29389,0,checked
2026-09-16T04:16:51.331497+00:00,NCAA,ncaab,March Madness,100149,,,,,,no currently accepting market
2026-09-16T04:16:51.331497+00:00,Ligue 1,fl1,Ligue 1,102070,fl1-asm-rcl-2026-09-18,Will AS Monaco FC win on 2026-09-18?,matchup,0x2fb3d1ba60d0703c61bb755be21434122862b6e38e540659056d5383de12152e,1,checked
2026-09-16T04:16:51.331497+00:00,Champions League,ucl,UEFA Champions League,1234,uefa-champions-league-most-player-of-the-match-awards-2026-27,Will Kylian Mbappé win the most Player of the Match awards in the 2026-27 UEFA Champions League?,game-like,0x1d64e020de1c9d56144e066000e64e67e0471b4e82c36a9cdfe37a910077831d,0,checked
2026-09-16T04:16:51.331497+00:00,La Liga,lal,LaLiga,780,lal-dep-sev-2026-09-16,Will RC Deportivo A Coruña win on 2026-09-16?,matchup,0x499f114dd4e1e3412ce337c8ffe7b2c4d32fe23fc541e6977cb6ad2b482aa466,1,checked
2026-09-16T04:16:51.331497+00:00,Serie A,sea,Serie A,100618,serie-a-2027-champion-20260701200118390,Will Atalanta win the 2026-27 Serie A Championship?,future/prop,0xd0c8d573e4ef858fc5baa7cf53f8d83e89f3cd01127df9ab5e79c2c7d8894f45,0,checked
2026-09-16T04:16:51.331497+00:00,Bundesliga,bun,Bundesliga,1494,bun-bay-uni-2026-09-18,Will FC Bayern München win on 2026-09-18?,matchup,0x45c738d344ec615edefd4e35f8999be72f6b454c6c0b3f5102d1a13c37ce8ba6,1,checked
2026-09-16T04:16:51.331497+00:00,EPL,epl,Premier League,306,epl-che-hul-2026-09-12-total-corners,Chelsea FC vs. Hull City AFC: Total Corners Odd or Even?,matchup,0xde01940402776be5c8d2675d878f11a60f633758586e40723580539a39852c90,1,checked
2026-09-16T04:16:51.331497+00:00,Baseball,mlb,MLB,100381,mlb-tb-nyy-2026-05-23,Tampa Bay Rays vs. New York Yankees,matchup,0x0da3005f7d57b33cac257bcd4633611dd601709d2fa8bcb55749a98a3114d99f,0,checked
2026-09-16T04:16:51.331497+00:00,Football,nfl,NFL,450,pro-football-cardinals-vspt-rams-season-series-winner,Will the Cardinals win the season series against the Rams during the 2026-27 NFL regular season?,matchup,0x6027c3503c7ffb751aab27f029880ce3db6d547de175c634bfb6b6e18fd29389,0,checked
2026-09-16T04:16:51.331497+00:00,Basketball,nba,NBA,745,will-lebron-james-retire-before-next-nba-season,Will LeBron James retire before next NBA season?,future/prop,0x73057b771600660ac6e659c5b831587fd3bdd378e63f359731aa3e1538577fb0,0,checked
2026-09-16T04:16:51.331497+00:00,Rugby,ruprem,Premiership Rugby,103054,ruprem-har-bat-2026-09-25,Will Harlequins win?,matchup,0x25cd64d826b999c14f8196a5c3465518a5b279f7540d4c8ae1ffc8bcee3ae82a,1,checked
2026-09-16T04:16:51.331497+00:00,WNBA,wnba,WNBA,100254,wnba-conn-atl-2026-09-17,Connecticut Sun vs. Atlanta Dream,matchup,0x05825635204dca215b585bf6d7e80d9bdfaf572dc8e94d76ed3b08072f5dda48,1,checked
2026-09-16T04:16:51.331497+00:00,MLB,mlb,MLB,100381,mlb-tb-nyy-2026-05-23,Tampa Bay Rays vs. New York Yankees,matchup,0x0da3005f7d57b33cac257bcd4633611dd601709d2fa8bcb55749a98a3114d99f,0,checked
