feature,tau_s,median_up,median_down,cliffs_up_vs_down,n_up,n_down
l1_imbalance,-15.0,-0.14173083007335663,-0.026788480579853058,-0.05548728871412578,313,117
l1_imbalance,-14.8,-0.14531876146793365,-0.026581140235066414,-0.08096447393571993,313,117
l1_imbalance,-14.6,-0.1815984845161438,-0.043042104691267014,-0.10351983834411949,313,117
l1_imbalance,-14.4,-0.1428571492433548,-0.03391279652714729,-0.09226946287649163,313,117
l1_imbalance,-14.2,-0.14887569844722748,-0.026581140235066414,-0.08833729281013625,313,117
l1_imbalance,-14.0,-0.14039339125156403,-0.026581140235066414,-0.08156522214030204,313,117
l1_imbalance,-13.8,-0.12370486557483673,-0.0350317656993866,-0.06643729007946264,313,117
l1_imbalance,-13.6,-0.13636353611946106,-0.0350317656993866,-0.08025449878485025,313,117
l1_imbalance,-13.4,-0.12499992549419403,-0.019999969750642776,-0.10401135960241392,313,117
l1_imbalance,-13.2,-0.1246817409992218,-0.026581140235066414,-0.08183828950602112,313,117
l1_imbalance,-13.0,-0.11578946560621262,-0.026581140235066414,-0.06468965893886025,313,117
l1_imbalance,-12.8,-0.12016282230615616,-0.06064428389072418,-0.03271347041315087,313,117
l1_imbalance,-12.6,-0.12370486557483673,-0.07198725640773773,-0.008738155703011952,313,117
l1_imbalance,-12.4,-0.12016282230615616,-0.06678495556116104,-0.018787034761475696,313,117
l1_imbalance,-12.2,-0.10257849097251892,-0.06678495556116104,0.02534065153873466,313,117
l1_imbalance,-12.0,-0.08781443536281586,-0.06666667014360428,0.015100625324267591,313,117
l1_imbalance,-11.8,-0.05882355198264122,-0.04477616399526596,-0.012806859452226815,313,117
l1_imbalance,-11.6,-0.05223662033677101,-0.03998451307415962,0.013298380710521363,313,117
l1_imbalance,-11.4,-0.06293700635433197,-0.05084748938679695,0.017012096884301275,313,117
l1_imbalance,-11.2,-0.07206741720438004,-0.05084748938679695,0.004177930695502541,313,117
l1_imbalance,-11.0,-0.11279195547103882,-0.051428526639938354,0.0012834166188799845,313,117
l1_imbalance,-10.8,-0.11279195547103882,-0.05084748938679695,-0.007017831298981481,313,117
l1_imbalance,-10.6,-0.11279195547103882,-0.04477616399526596,-0.01581060047513727,313,117
l1_imbalance,-10.4,-0.10875332355499268,-0.018181925639510155,-0.02007045138035557,313,117
l1_imbalance,-10.2,-0.14039339125156403,-0.010988910682499409,-0.06326970863712078,313,117
l1_imbalance,-10.0,-0.1246817409992218,-0.013513410463929176,-0.06381584336855906,313,117
l1_imbalance,-9.8,-0.1246817409992218,0.010190804488956928,-0.06900412331722239,313,117
l1_imbalance,-9.6,-0.1351349651813507,-0.010988910682499409,-0.07632232871849487,313,117
l1_imbalance,-9.4,-0.18044179677963257,-0.021516071632504463,-0.0810737008820076,313,117
l1_imbalance,-9.2,-0.1428571492433548,-0.021516071632504463,-0.09041260478960156,313,117
l1_imbalance,-9.0,-0.15553082525730133,-0.013513410463929176,-0.09931460091204503,313,117
l1_imbalance,-8.8,-0.1612902730703354,-0.013513410463929176,-0.09216023593020395,313,117
l1_imbalance,-8.6,-0.1485653966665268,-0.021516071632504463,-0.09871385270746291,313,117
l1_imbalance,-8.4,-0.14039339125156403,-0.019538218155503273,-0.09784003713716172,313,117
l1_imbalance,-8.2,-0.13636353611946106,-0.019538218155503273,-0.0932525053930805,313,117
l1_imbalance,-8.0,-0.13636353611946106,-0.019538218155503273,-0.08538816526036974,313,117
l1_imbalance,-7.8,-0.15151521563529968,-0.0430106557905674,-0.08025449878485025,313,117
l1_imbalance,-7.6,-0.1612902730703354,-0.04477616399526596,-0.06949564457551682,313,117
l1_imbalance,-7.4,-0.17272736132144928,-0.021516071632504463,-0.1002976434286339,313,117
l1_imbalance,-7.2,-0.17851360142230988,-0.06666667759418488,-0.0791622293219737,313,117
l1_imbalance,-7.0,-0.1753564178943634,-0.06666667759418488,-0.09068567215532075,313,117
l1_imbalance,-6.8,-0.17851360142230988,-0.06100796163082123,-0.07626771524535103,313,117
l1_imbalance,-6.6,-0.19402976334095,-0.0728476494550705,-0.08336746675404827,313,117
l1_imbalance,-6.4,-0.19047625362873077,-0.0728476494550705,-0.07648616913792627,313,117
l1_imbalance,-6.2,-0.17681673169136047,-0.08661369979381561,-0.028917834029655087,313,117
l1_imbalance,-6.0,-0.18644073605537415,-0.08569859713315964,-0.05554190218726962,313,117
l1_imbalance,-5.8,-0.17681673169136047,-0.08527135103940964,-0.06326970863712078,313,117
l1_imbalance,-5.6,-0.19047625362873077,-0.1428571492433548,-0.029327435078233766,313,117
l1_imbalance,-5.4,-0.19047625362873077,-0.1227940171957016,-0.04139701264301898,313,117
l1_imbalance,-5.2,-0.19047625362873077,-0.15789474546909332,0.002075311979465422,313,117
l1_imbalance,-5.0,-0.19047625362873077,-0.14285719394683838,-0.040960104857868385,313,117
l1_imbalance,-4.8,-0.19371728599071503,-0.1428571492433548,-0.04352693809562824,313,117
l1_imbalance,-4.6,-0.19266055524349213,-0.14285719394683838,0.0012561098823080652,313,117
l1_imbalance,-4.4,-0.23529407382011414,-0.18765674531459808,-0.017749378771742985,313,117
l1_imbalance,-4.2,-0.20639707148075104,-0.1428571492433548,-0.036044892274924245,313,117
l1_imbalance,-4.0,-0.1619023084640503,-0.18765674531459808,0.029272821605089927,313,117
l1_imbalance,-3.8,-0.19266055524349213,-0.18765674531459808,0.011031921575052506,313,117
l1_imbalance,-3.6,-0.13636353611946106,-0.18765674531459808,0.06408891073427814,313,117
l1_imbalance,-3.4,-0.1428571492433548,-0.19308358430862427,0.049780180770596205,313,117
l1_imbalance,-3.2,-0.1389368623495102,-0.18765674531459808,0.05193741295977716,313,117
l1_imbalance,-3.0,-0.18383106589317322,-0.1805213838815689,0.016274814996859677,313,117
l1_imbalance,-2.8,-0.1896970570087433,-0.1805213838815689,0.013926435651675284,313,117
l1_imbalance,-2.6,-0.1852128952741623,-0.1208791583776474,0.007645886240135402,313,117
l1_imbalance,-2.4,-0.21212123334407806,-0.23478268086910248,0.037492149313235634,313,117
l1_imbalance,-2.2,-0.21212123334407806,-0.11999998241662979,-0.014117582807678608,313,117
l1_imbalance,-2.0,-0.19047613441944122,-0.1928429752588272,0.0105677070533301,313,117
l1_imbalance,-1.8,-0.18644072115421295,-0.23482534289360046,0.0379017503618142,313,117
l1_imbalance,-1.6,-0.31368309259414673,-0.24324332177639008,-0.032167335681712705,313,117
l1_imbalance,-1.4,-0.24137912690639496,-0.15555556118488312,-0.02534065153873466,313,117
l1_imbalance,-1.2,-0.2542372941970825,-0.29024389386177063,0.03473416891947245,313,117
l1_imbalance,-1.0,-0.27797824144363403,-0.2898431122303009,0.020916960214084845,313,117
l1_imbalance,-0.8,-0.23529407382011414,-0.2863469123840332,0.011141148521340183,313,117
l1_imbalance,-0.6,-0.2718445956707001,-0.3163245916366577,0.04085087791158082,313,117
l1_imbalance,-0.4,-0.24390247464179993,-0.2815534472465515,0.01900548865405094,313,117
l1_imbalance,-0.2,-0.28571441769599915,-0.3417230546474457,0.08295786570546948,313,117
l1_imbalance,0.0,-0.2799999713897705,-0.3417230546474457,0.04472843450479225,313,117
near_imbalance,-15.0,0.0,0.0,0.12058654870156471,313,117
near_imbalance,-14.8,0.0,0.0,0.11152071215968973,313,117
near_imbalance,-14.6,0.0,0.0,0.07776958575680615,313,117
near_imbalance,-14.4,0.0,0.0,0.06089402255536447,313,117
near_imbalance,-14.2,0.0,0.0,0.06924988394636955,313,117
near_imbalance,-14.0,0.0,0.0,0.06725649217661989,313,117
near_imbalance,-13.8,0.0,0.0,0.02771633762049097,313,117
near_imbalance,-13.6,0.0,0.0,0.0295185822342372,313,117
near_imbalance,-13.4,0.0,0.0,0.04076895770186506,313,117
near_imbalance,-13.2,0.0,0.0,0.05032631550203437,313,117
near_imbalance,-13.0,0.0,0.0,0.0626962671691107,313,117
near_imbalance,-12.8,0.0,0.0,0.0712159689795473,313,117
near_imbalance,-12.6,0.0,0.0,0.06034788782392608,313,117
near_imbalance,-12.4,0.0,0.0,0.05341197673466036,313,117
near_imbalance,-12.2,0.0,0.0,0.06698342481090092,313,117
near_imbalance,-12.0,0.0,0.0,0.08257557139346283,313,117
near_imbalance,-11.8,0.0,0.0,0.08216597034488404,313,117
near_imbalance,-11.6,0.0,0.0,0.0492067393025859,313,117
near_imbalance,-11.4,0.0,0.0,0.06280549411539837,313,117
near_imbalance,-11.2,0.0,0.0,0.08740886376669121,313,117
near_imbalance,-11.0,0.0,0.0,0.07943529668769278,313,117
near_imbalance,-10.8,0.0,0.0,0.07746921165451526,313,117
near_imbalance,-10.6,0.0,0.0,0.07228093170585193,313,117
near_imbalance,-10.4,0.0,0.0,0.06452581851942885,313,117
near_imbalance,-10.2,0.0,0.0,0.07009639278009883,313,117
near_imbalance,-10.0,0.0,0.0,0.02383878102727932,313,117
near_imbalance,-9.8,0.0,0.0,0.012588405559651461,313,117
near_imbalance,-9.6,0.0,0.0,0.010403866633898584,313,117
near_imbalance,-9.4,0.0,0.0,-0.0019387782966058253,313,117
near_imbalance,-9.2,0.0,0.0,0.004942519319516059,313,117
near_imbalance,-9.0,0.0,0.0,0.02569563911416939,313,117
near_imbalance,-8.8,0.0,0.0,0.0352529969143387,313,117
near_imbalance,-8.6,0.0,0.0,0.024876437017012032,313,117
near_imbalance,-8.4,0.0,0.0,0.03265885694000703,313,117
near_imbalance,-8.2,0.0,0.0,-0.0003549875754348397,313,117
near_imbalance,-8.0,0.0,0.0,-0.011195761994484021,313,117
near_imbalance,-7.8,0.0,0.0,0.005925561836104931,313,117
near_imbalance,-7.6,0.0,0.0,-0.007563966030419755,313,117
near_imbalance,-7.4,0.0,0.0,0.028016711722782084,313,117
near_imbalance,-7.2,0.0,0.0,0.02637830752846737,313,117
near_imbalance,-7.0,0.0,0.0,0.045219955763086794,313,117
near_imbalance,-6.8,0.0,0.0,0.09289751781764566,313,117
near_imbalance,-6.6,0.0,0.0,0.07618579503563527,313,117
near_imbalance,-6.4,0.0,0.0,0.051855492750061405,313,117
near_imbalance,-6.2,0.0,0.0,0.05524152808497851,313,117
near_imbalance,-6.0,0.0,0.0,0.05900985773190248,313,117
near_imbalance,-5.8,0.0,0.0,0.07883454848311078,313,117
near_imbalance,-5.6,0.0,0.0,0.07348242811501593,313,117
near_imbalance,-5.4,0.0,0.0,0.07774227902023423,313,117
near_imbalance,-5.2,0.0,0.0,0.09685699462057284,313,117
near_imbalance,-5.0,0.0,0.0,0.09418093443652542,313,117
near_imbalance,-4.8,0.0,0.0,0.09183255509134103,313,117
near_imbalance,-4.6,0.0,0.0,0.11575325632833611,313,117
near_imbalance,-4.4,0.0,0.0,0.1126402883591382,313,117
near_imbalance,-4.2,0.0,0.0,0.0957374184211246,313,117
near_imbalance,-4.0,0.0,0.0,0.11228530078370325,313,117
near_imbalance,-3.8,0.0,0.0,0.06428005789028157,313,117
near_imbalance,-3.6,0.0,0.0,0.08123754130143901,313,117
near_imbalance,-3.4,0.0,0.0,0.08678080882553729,313,117
near_imbalance,-3.2,0.0,0.0,0.06193167854509718,313,117
near_imbalance,-3.0,0.0,0.0,0.04844215067857238,313,117
near_imbalance,-2.8,0.0,0.0,0.06870374921493139,313,117
near_imbalance,-2.6,0.0,0.0,0.0668195843914694,313,117
near_imbalance,-2.4,0.0,0.0,0.03836596488353683,313,117
near_imbalance,-2.2,0.0,0.0,0.0018295513503181482,313,117
near_imbalance,-2.0,0.0,0.0,-0.008082794025286,313,117
near_imbalance,-1.8,0.0,0.0,0.0031129679691979106,313,117
near_imbalance,-1.6,0.0,0.0,-0.03437918134403761,313,117
near_imbalance,-1.4,0.0,0.0,-0.005133666475519494,313,117
near_imbalance,-1.2,0.0,0.0,0.030310477594822638,313,117
near_imbalance,-1.0,0.0,0.0,0.052237787062068275,313,117
near_imbalance,-0.8,0.0,0.0,0.07378280221730704,313,117
near_imbalance,-0.6,0.0,0.0,0.03686409437208149,313,117
near_imbalance,-0.4,0.0,0.0,0.05813604216160129,313,117
near_imbalance,-0.2,0.0,0.0,0.10215450151552385,313,117
near_imbalance,0.0,0.0,0.0,0.06190437180852526,313,117
depth_imbalance,-15.0,-0.4840184152126312,-0.13087643682956696,-0.3053712350836951,313,117
depth_imbalance,-14.8,-0.48707282543182373,-0.1699773520231247,-0.3049343272985445,313,117
depth_imbalance,-14.6,-0.48977699875831604,-0.20353013277053833,-0.3026951748996477,313,117
depth_imbalance,-14.4,-0.4840184152126312,-0.16917432844638824,-0.2872941754730892,313,117
depth_imbalance,-14.2,-0.4738081991672516,-0.15849614143371582,-0.27762759072663223,313,117
depth_imbalance,-14.0,-0.46604031324386597,-0.16917432844638824,-0.26501187843040874,313,117
depth_imbalance,-13.8,-0.46604031324386597,-0.21044480800628662,-0.25032085415471994,313,117
depth_imbalance,-13.6,-0.47780418395996094,-0.23812466859817505,-0.2233964118948144,313,117
depth_imbalance,-13.4,-0.46237802505493164,-0.1782994121313095,-0.2566014035662598,313,117
depth_imbalance,-13.2,-0.44948610663414,-0.20170100033283234,-0.2377597553316403,313,117
depth_imbalance,-13.0,-0.44948610663414,-0.24769923090934753,-0.2347014008355861,313,117
depth_imbalance,-12.8,-0.43316444754600525,-0.24409672617912292,-0.22487097566969771,313,117
depth_imbalance,-12.6,-0.42834627628326416,-0.26924407482147217,-0.1997487780235384,313,117
depth_imbalance,-12.4,-0.44288545846939087,-0.26356714963912964,-0.20460937713333882,313,117
depth_imbalance,-12.2,-0.46537497639656067,-0.26356714963912964,-0.2119275825346113,313,117
depth_imbalance,-12.0,-0.46303340792655945,-0.24011579155921936,-0.2274924223806013,313,117
depth_imbalance,-11.8,-0.46537497639656067,-0.26356714963912964,-0.22274105021708857,313,117
depth_imbalance,-11.6,-0.4530484974384308,-0.23814135789871216,-0.23590289724475033,313,117
depth_imbalance,-11.4,-0.46246790885925293,-0.2303278148174286,-0.24993855984271318,313,117
depth_imbalance,-11.2,-0.4548225402832031,-0.2303278148174286,-0.24120040413970123,313,117
depth_imbalance,-11.0,-0.4721345901489258,-0.2181321680545807,-0.2706370661642227,313,117
depth_imbalance,-10.8,-0.46537497639656067,-0.2303278148174286,-0.254362251167363,313,117
depth_imbalance,-10.6,-0.46537497639656067,-0.22911924123764038,-0.2653941727424155,313,117
depth_imbalance,-10.4,-0.4598428010940552,-0.21327322721481323,-0.259659758062314,313,117
depth_imbalance,-10.2,-0.46537497639656067,-0.21327322721481323,-0.25665601703940366,313,117
depth_imbalance,-10.0,-0.49891844391822815,-0.18481087684631348,-0.2853280904399115,313,117
depth_imbalance,-9.8,-0.4896541237831116,-0.19954045116901398,-0.2671418038830179,313,117
depth_imbalance,-9.6,-0.48765861988067627,-0.21441030502319336,-0.2746238497037219,313,117
depth_imbalance,-9.4,-0.4896541237831116,-0.23989337682724,-0.22285027716337624,313,117
depth_imbalance,-9.2,-0.4935615658760071,-0.23953211307525635,-0.23863357090194148,313,117
depth_imbalance,-9.0,-0.5041807293891907,-0.2501471936702728,-0.24267496791458454,313,117
depth_imbalance,-8.8,-0.5104533433914185,-0.26029714941978455,-0.2151497774500969,313,117
depth_imbalance,-8.6,-0.513392984867096,-0.2501471936702728,-0.21613281996668576,313,117
depth_imbalance,-8.4,-0.5187828540802002,-0.180959552526474,-0.26162584309549164,313,117
depth_imbalance,-8.2,-0.5089625716209412,-0.26845797896385193,-0.23093307118866224,313,117
depth_imbalance,-8.0,-0.524393618106842,-0.2299366146326065,-0.244695666420906,313,117
depth_imbalance,-7.8,-0.5104533433914185,-0.2535190284252167,-0.20389940198246903,313,117
depth_imbalance,-7.6,-0.5193272233009338,-0.2535190284252167,-0.21023456486715275,313,117
depth_imbalance,-7.4,-0.5412309765815735,-0.2663133442401886,-0.21678818164441171,313,117
depth_imbalance,-7.2,-0.5443158149719238,-0.2513689398765564,-0.22803855711203957,313,117
depth_imbalance,-7.0,-0.5980945229530334,-0.2724112868309021,-0.2102891783402966,313,117
depth_imbalance,-6.8,-0.6072125434875488,-0.27347031235694885,-0.2134021463094945,313,117
depth_imbalance,-6.6,-0.6072125434875488,-0.27797141671180725,-0.2166243412249802,313,117
depth_imbalance,-6.4,-0.6316558122634888,-0.27797141671180725,-0.25589142841539003,313,117
depth_imbalance,-6.2,-0.6316558122634888,-0.3107184171676636,-0.22465252177712247,313,117
depth_imbalance,-6.0,-0.641567051410675,-0.3107184171676636,-0.21629666038611728,313,117
depth_imbalance,-5.8,-0.6316558122634888,-0.3410634994506836,-0.21465825619180257,313,117
depth_imbalance,-5.6,-0.6554774641990662,-0.3410634994506836,-0.22465252177712247,313,117
depth_imbalance,-5.4,-0.6521328091621399,-0.3291565179824829,-0.23481062778187378,313,117
depth_imbalance,-5.2,-0.6648527383804321,-0.3449002206325531,-0.2075038912099615,313,117
depth_imbalance,-5.0,-0.6662418842315674,-0.4213663637638092,-0.2053193522842085,313,117
depth_imbalance,-4.8,-0.6833213567733765,-0.4096215069293976,-0.20455476366019498,313,117
depth_imbalance,-4.6,-0.6739718914031982,-0.4506673216819763,-0.18817072171704763,313,117
depth_imbalance,-4.4,-0.6833213567733765,-0.42270660400390625,-0.21864503973130167,313,117
depth_imbalance,-4.2,-0.6891980171203613,-0.44912049174308777,-0.19838344119494278,313,117
depth_imbalance,-4.0,-0.6899923086166382,-0.4694960415363312,-0.20482783102591406,313,117
depth_imbalance,-3.8,-0.6735252141952515,-0.5393465757369995,-0.17522732858196122,313,117
depth_imbalance,-3.6,-0.6735252141952515,-0.5588387846946716,-0.15491111657245837,313,117
depth_imbalance,-3.4,-0.6891980171203613,-0.5768365263938904,-0.16086398514513534,313,117
depth_imbalance,-3.2,-0.6891980171203613,-0.5862948894500732,-0.15458343573359545,313,117
depth_imbalance,-3.0,-0.7251614332199097,-0.6297241449356079,-0.13929166325332465,313,117
depth_imbalance,-2.8,-0.7480679154396057,-0.6190516948699951,-0.16528767646978515,313,117
depth_imbalance,-2.6,-0.7596072554588318,-0.6020908355712891,-0.1688921656972775,313,117
depth_imbalance,-2.4,-0.74971604347229,-0.6245884895324707,-0.1678545097075449,313,117
depth_imbalance,-2.2,-0.7902637124061584,-0.6344593167304993,-0.17577346331339938,313,117
depth_imbalance,-2.0,-0.803169846534729,-0.6429042816162109,-0.15021435788208948,313,117
depth_imbalance,-1.8,-0.7984370589256287,-0.6358420252799988,-0.15982632915540262,313,117
depth_imbalance,-1.6,-0.8328798413276672,-0.6394466161727905,-0.1680183501269763,313,117
depth_imbalance,-1.4,-0.836599588394165,-0.697430431842804,-0.13235575216405893,313,117
depth_imbalance,-1.2,-0.8479641079902649,-0.7600123286247253,-0.11231260752027528,313,117
depth_imbalance,-1.0,-0.8486751317977905,-0.7600123286247253,-0.11640861800606206,313,117
depth_imbalance,-0.8,-0.8486751317977905,-0.7478325963020325,-0.12760438000054608,313,117
depth_imbalance,-0.6,-0.8492990732192993,-0.7656067609786987,-0.1007345512137845,313,117
depth_imbalance,-0.4,-0.8730724453926086,-0.7629111409187317,-0.11045574943338521,313,117
depth_imbalance,-0.2,-0.8899562358856201,-0.7849845290184021,-0.1288058764097103,313,117
depth_imbalance,0.0,-0.912675678730011,-0.7042490243911743,-0.22055651129133558,313,117
l1_bid_usd,-15.0,104.72001647949219,211.6500244140625,-0.1711040113596024,313,117
l1_bid_usd,-14.8,99.99999237060547,199.9999542236328,-0.17935064580431992,313,117
l1_bid_usd,-14.6,110.00001525878906,215.00001525878906,-0.18748805330274976,313,117
l1_bid_usd,-14.4,99.99999237060547,299.9990234375,-0.20908768193113236,313,117
l1_bid_usd,-14.2,99.99999237060547,299.9975891113281,-0.19144753010567706,313,117
l1_bid_usd,-14.0,112.00000762939453,299.999755859375,-0.1875426667758936,313,117
l1_bid_usd,-13.8,112.00000762939453,328.7900390625,-0.2032713470413151,313,117
l1_bid_usd,-13.6,104.72001647949219,299.9975891113281,-0.18642309057644524,313,117
l1_bid_usd,-13.4,112.00000762939453,328.7900390625,-0.21700663553698696,313,117
l1_bid_usd,-13.2,120.00001525878906,296.07269287109375,-0.16870101854127417,313,117
l1_bid_usd,-13.0,127.16001892089844,299.999755859375,-0.176538051937413,313,117
l1_bid_usd,-12.8,127.16001892089844,313.5600280761719,-0.17145899893503724,313,117
l1_bid_usd,-12.6,125.86003112792969,299.9975891113281,-0.1555391715136124,313,117
l1_bid_usd,-12.4,125.86003112792969,297.052734375,-0.15502034351874605,313,117
l1_bid_usd,-12.2,111.64999389648438,278.8759460449219,-0.15021435788208948,313,117
l1_bid_usd,-12.0,112.00000762939453,209.77735900878906,-0.1612462794571421,313,117
l1_bid_usd,-11.8,110.00001525878906,288.2326965332031,-0.19038256737937254,313,117
l1_bid_usd,-11.6,115.49999237060547,199.9999542236328,-0.17443543322137567,313,117
l1_bid_usd,-11.4,110.00001525878906,179.5500030517578,-0.1589252068485295,313,117
l1_bid_usd,-11.2,110.00001525878906,188.18995666503906,-0.15873405969252619,313,117
l1_bid_usd,-11.0,111.64999389648438,199.99496459960938,-0.16881024548756174,313,117
l1_bid_usd,-10.8,111.64999389648438,188.18995666503906,-0.1621200950274433,313,117
l1_bid_usd,-10.6,99.99999237060547,188.18995666503906,-0.1702028890527293,313,117
l1_bid_usd,-10.4,99.99999237060547,179.5500030517578,-0.1502416646186614,313,117
l1_bid_usd,-10.2,93.5199966430664,179.5500030517578,-0.1635946588023265,313,117
l1_bid_usd,-10.0,93.5199966430664,188.18995666503906,-0.16392233964118952,313,117
l1_bid_usd,-9.8,91.99999237060547,199.9999542236328,-0.17339777723164307,313,117
l1_bid_usd,-9.6,91.99999237060547,199.9999542236328,-0.16760874907839762,313,117
l1_bid_usd,-9.4,99.99999237060547,199.9999542236328,-0.16121897272057018,313,117
l1_bid_usd,-9.2,93.5199966430664,299.9975891113281,-0.17276972229048904,313,117
l1_bid_usd,-9.0,88.00000762939453,199.9965057373047,-0.16973867453100677,313,117
l1_bid_usd,-8.8,91.99999237060547,199.9965057373047,-0.1681548838098359,313,117
l1_bid_usd,-8.6,99.99999237060547,178.49996948242188,-0.13003467955544634,313,117
l1_bid_usd,-8.4,99.99999237060547,170.40000915527344,-0.1465825619180252,313,117
l1_bid_usd,-8.2,110.00001525878906,170.40000915527344,-0.13975587777504705,313,117
l1_bid_usd,-8.0,99.99999237060547,170.40000915527344,-0.14196772343737196,313,117
l1_bid_usd,-7.8,81.0,170.40000915527344,-0.14398842194369355,313,117
l1_bid_usd,-7.6,68.57918548583984,149.99996948242188,-0.13647906938641763,313,117
l1_bid_usd,-7.4,59.9999885559082,170.0,-0.15613991971819452,313,117
l1_bid_usd,-7.2,55.96000289916992,120.00001525878906,-0.1437699680511182,313,117
l1_bid_usd,-7.0,55.4680061340332,153.71998596191406,-0.15922558095082062,313,117
l1_bid_usd,-6.8,53.000003814697266,170.0,-0.16605226509379867,313,117
l1_bid_usd,-6.6,50.0,170.0,-0.1798967805357582,313,117
l1_bid_usd,-6.4,50.0,170.40000915527344,-0.173725458070506,313,117
l1_bid_usd,-6.2,55.4680061340332,140.25001525878906,-0.14748368422489833,313,117
l1_bid_usd,-6.0,53.000003814697266,157.49996948242188,-0.1603724638868409,313,117
l1_bid_usd,-5.8,50.0,134.3000030517578,-0.16354004532918276,313,117
l1_bid_usd,-5.6,48.6089973449707,106.75001525878906,-0.13748941863957842,313,117
l1_bid_usd,-5.4,48.79000473022461,106.75001525878906,-0.13869091504874254,313,117
l1_bid_usd,-5.2,41.000003814697266,91.48501586914062,-0.13385762267551404,313,117
l1_bid_usd,-5.0,36.71999740600586,91.48501586914062,-0.140411239452773,313,117
l1_bid_usd,-4.8,29.246801376342773,91.48501586914062,-0.15794216433194064,313,117
l1_bid_usd,-4.6,35.67000198364258,80.00000762939453,-0.12457333224106382,313,117
l1_bid_usd,-4.4,29.60099983215332,89.3570785522461,-0.17356161765107447,313,117
l1_bid_usd,-4.2,30.500003814697266,86.92111206054688,-0.16075475819884766,313,117
l1_bid_usd,-4.0,29.60099983215332,77.9000015258789,-0.14327844679282375,313,117
l1_bid_usd,-3.8,28.799999237060547,76.24999237060547,-0.14060238660877633,313,117
l1_bid_usd,-3.6,29.246801376342773,45.0,-0.11755550094208245,313,117
l1_bid_usd,-3.4,24.990001678466797,41.5,-0.12522869391878977,313,117
l1_bid_usd,-3.2,21.078298568725586,37.499996185302734,-0.1070697140984681,313,117
l1_bid_usd,-3.0,20.330001831054688,36.900001525878906,-0.09753966303487072,313,117
l1_bid_usd,-2.8,20.000001907348633,31.5,-0.09587395210398408,313,117
l1_bid_usd,-2.6,20.000001907348633,29.999998092651367,-0.08689003577182486,313,117
l1_bid_usd,-2.4,19.0,18.0,-0.06324240190054886,313,117
l1_bid_usd,-2.2,16.64999771118164,25.499998092651367,-0.09617432620627508,313,117
l1_bid_usd,-2.0,16.200000762939453,19.250001907348633,-0.06881297616121895,313,117
l1_bid_usd,-1.8,12.32800006866455,17.599998474121094,-0.09603779252341549,313,117
l1_bid_usd,-1.6,11.0,16.500001907348633,-0.12328991562218394,313,117
l1_bid_usd,-1.4,13.000000953674316,15.500001907348633,-0.08009065836541873,313,117
l1_bid_usd,-1.2,10.05000114440918,11.999999046325684,-0.0934163458125119,313,117
l1_bid_usd,-1.0,9.989999771118164,10.80000114440918,-0.09396248054395018,313,117
l1_bid_usd,-0.8,10.000000953674316,10.79999828338623,-0.10382021244641049,313,117
l1_bid_usd,-0.6,8.980000495910645,10.79999828338623,-0.11244914120313476,313,117
l1_bid_usd,-0.4,8.989998817443848,11.500000953674316,-0.13533218645039735,313,117
l1_bid_usd,-0.2,7.989999771118164,8.050000190734863,-0.08085524698943225,313,117
l1_bid_usd,0.0,6.929999351501465,9.900001525878906,-0.14079353376477977,313,117
l1_ask_usd,-15.0,90.0,312.2424011230469,-0.1960623685863302,313,117
l1_ask_usd,-14.8,99.99999237060547,310.0099182128906,-0.1784495234974468,313,117
l1_ask_usd,-14.6,114.90798950195312,289.9999694824219,-0.14371535457797435,313,117
l1_ask_usd,-14.4,113.4000244140625,355.1100769042969,-0.18732421288331835,313,117
l1_ask_usd,-14.2,113.80998992919922,312.00006103515625,-0.1741623658556566,313,117
l1_ask_usd,-14.0,117.7199935913086,312.2424011230469,-0.17039403620873272,313,117
l1_ask_usd,-13.8,113.80998992919922,374.78997802734375,-0.19669042352748423,313,117
l1_ask_usd,-13.6,113.80998992919922,312.00006103515625,-0.16487807542120636,313,117
l1_ask_usd,-13.4,120.00001525878906,310.0099182128906,-0.1787498975997378,313,117
l1_ask_usd,-13.2,130.00001525878906,312.00006103515625,-0.15046011851123675,313,117
l1_ask_usd,-13.0,130.00001525878906,371.7000732421875,-0.17069441031102373,313,117
l1_ask_usd,-12.8,146.18028259277344,442.2000732421875,-0.19882034898009338,313,117
l1_ask_usd,-12.6,148.11997985839844,374.78997802734375,-0.19499740586002567,313,117
l1_ask_usd,-12.4,147.27239990234375,391.28204345703125,-0.19966685781382265,313,117
l1_ask_usd,-12.2,130.00001525878906,391.28204345703125,-0.23022309603779256,313,117
l1_ask_usd,-12.0,118.836181640625,391.28204345703125,-0.23917970563337976,313,117
l1_ask_usd,-11.8,110.00001525878906,371.7000732421875,-0.2538980366456405,313,117
l1_ask_usd,-11.6,120.00001525878906,391.28204345703125,-0.2540345703285001,313,117
l1_ask_usd,-11.4,122.22201538085938,425.0000915527344,-0.2520411785587504,313,117
l1_ask_usd,-11.2,120.00001525878906,355.1100769042969,-0.231315365500669,313,117
l1_ask_usd,-11.0,122.22201538085938,355.1100769042969,-0.2341006526310041,313,117
l1_ask_usd,-10.8,118.836181640625,327.449951171875,-0.22123917970563334,313,117
l1_ask_usd,-10.6,118.836181640625,349.4319763183594,-0.22934928046749137,313,117
l1_ask_usd,-10.4,113.80998992919922,335.1600341796875,-0.21034379181344043,313,117
l1_ask_usd,-10.2,110.99699401855469,335.1600341796875,-0.20490975123562982,313,117
l1_ask_usd,-10.0,118.836181640625,312.00006103515625,-0.18560388847928788,313,117
l1_ask_usd,-9.8,110.99699401855469,312.00006103515625,-0.19278556019770077,313,117
l1_ask_usd,-9.6,122.22201538085938,312.00006103515625,-0.17500887468938586,313,117
l1_ask_usd,-9.4,130.00001525878906,309.9999694824219,-0.1631850577537478,313,117
l1_ask_usd,-9.2,122.4000015258789,309.9999694824219,-0.1728516425002048,313,117
l1_ask_usd,-9.0,122.22201538085938,310.0099182128906,-0.1655334370989323,313,117
l1_ask_usd,-8.8,120.00001525878906,307.9187927246094,-0.1631577510171759,313,117
l1_ask_usd,-8.6,130.00001525878906,192.15354919433594,-0.10092569836978782,313,117
l1_ask_usd,-8.4,139.6710205078125,178.8930206298828,-0.10857158460992322,313,117
l1_ask_usd,-8.2,130.00001525878906,168.9901885986328,-0.09931460091204503,313,117
l1_ask_usd,-8.0,122.4000015258789,143.99998474121094,-0.11474290707517543,313,117
l1_ask_usd,-7.8,130.00001525878906,143.99998474121094,-0.11152071215968984,313,117
l1_ask_usd,-7.6,118.836181640625,143.99998474121094,-0.10971846754594361,313,117
l1_ask_usd,-7.4,120.00001525878906,152.73716735839844,-0.10537669643100955,313,117
l1_ask_usd,-7.2,120.00001525878906,143.99998474121094,-0.11045574943338521,313,117
l1_ask_usd,-7.0,110.00001525878906,126.9000015258789,-0.1067693399961771,313,117
l1_ask_usd,-6.8,113.46424865722656,143.99998474121094,-0.1286420359902788,313,117
l1_ask_usd,-6.6,97.00001525878906,141.90957641601562,-0.13991971819447857,313,117
l1_ask_usd,-6.4,94.29999542236328,141.90957641601562,-0.1402473990333415,313,117
l1_ask_usd,-6.2,94.29999542236328,143.99998474121094,-0.15256273722727398,313,117
l1_ask_usd,-6.0,90.0,124.20002746582031,-0.14022009229676957,313,117
l1_ask_usd,-5.8,80.37541198730469,110.00001525878906,-0.12727669916168316,313,117
l1_ask_usd,-5.6,75.0,124.20002746582031,-0.15209852270555146,313,117
l1_ask_usd,-5.4,77.77560424804688,110.00001525878906,-0.14368804784140243,313,117
l1_ask_usd,-5.2,68.99999237060547,128.82298278808594,-0.17544578247453646,313,117
l1_ask_usd,-5.0,76.56399536132812,94.28999328613281,-0.12266186068103002,313,117
l1_ask_usd,-4.8,74.52000427246094,108.25202941894531,-0.15824253843423175,313,117
l1_ask_usd,-4.6,66.66500091552734,110.00001525878906,-0.16452308784577152,313,117
l1_ask_usd,-4.4,66.66500091552734,141.90957641601562,-0.189590672018787,313,117
l1_ask_usd,-4.2,55.889404296875,141.90957641601562,-0.16485076868463455,313,117
l1_ask_usd,-4.0,51.802799224853516,143.99998474121094,-0.2006225935938396,313,117
l1_ask_usd,-3.8,59.20121383666992,129.30958557128906,-0.17817645613172772,313,117
l1_ask_usd,-3.6,44.826595306396484,120.00001525878906,-0.2034351874607465,313,117
l1_ask_usd,-3.4,41.000003814697266,80.00000762939453,-0.18361049670953822,313,117
l1_ask_usd,-3.2,32.5569953918457,65.79060363769531,-0.1724147347150542,313,117
l1_ask_usd,-3.0,31.628997802734375,64.73999786376953,-0.14095737418421128,313,117
l1_ask_usd,-2.8,30.71059799194336,54.99999237060547,-0.13945550367275605,313,117
l1_ask_usd,-2.6,28.500001907348633,45.099998474121094,-0.12809590125884052,313,117
l1_ask_usd,-2.4,28.500001907348633,43.000003814697266,-0.11982196007755108,313,117
l1_ask_usd,-2.2,27.19879913330078,40.5,-0.11091996395510773,313,117
l1_ask_usd,-2.0,24.56999969482422,37.499996185302734,-0.09827694492231231,313,117
l1_ask_usd,-1.8,21.979999542236328,39.0,-0.1586248327462385,313,117
l1_ask_usd,-1.6,23.400001525878906,37.499996185302734,-0.12206111247644791,313,117
l1_ask_usd,-1.4,23.400001525878906,37.20000457763672,-0.09502744327025481,313,117
l1_ask_usd,-1.2,20.000001907348633,36.86000061035156,-0.1590344337948172,313,117
l1_ask_usd,-1.0,18.220399856567383,35.999996185302734,-0.1638950329046176,313,117
l1_ask_usd,-0.8,18.330400466918945,32.63999938964844,-0.11856585019524313,313,117
l1_ask_usd,-0.6,16.462799072265625,34.000003814697266,-0.18331012260724722,313,117
l1_ask_usd,-0.4,16.200000762939453,33.480003356933594,-0.16460500805548728,313,117
l1_ask_usd,-0.2,16.500001907348633,32.833499908447266,-0.17574615657682746,313,117
l1_ask_usd,0.0,14.161001205444336,29.43999671936035,-0.19685426394691574,313,117
log_bid_usd_within_2t,-15.0,4.843478202819824,5.5886712074279785,-0.06113978318451163,313,117
log_bid_usd_within_2t,-14.8,4.826632022857666,5.062594890594482,-0.061358237077086875,313,117
log_bid_usd_within_2t,-14.6,4.826632022857666,5.156004428863525,-0.06597307555774012,313,117
log_bid_usd_within_2t,-14.4,4.738126277923584,5.661319255828857,-0.09221484940334779,313,117
log_bid_usd_within_2t,-14.2,4.738126277923584,5.661319255828857,-0.08555200567980126,313,117
log_bid_usd_within_2t,-14.0,4.826632022857666,5.693976879119873,-0.1008983916332159,313,117
log_bid_usd_within_2t,-13.8,4.826632022857666,5.661319255828857,-0.09057644520903307,313,117
log_bid_usd_within_2t,-13.6,4.8532795906066895,5.693976879119873,-0.08566123262608882,313,117
log_bid_usd_within_2t,-13.4,4.875197410583496,5.693976879119873,-0.08839190628328009,313,117
log_bid_usd_within_2t,-13.2,4.948760032653809,5.693976879119873,-0.07987220447284349,313,117
log_bid_usd_within_2t,-13.0,4.948050498962402,5.693976879119873,-0.0705059938286775,313,117
log_bid_usd_within_2t,-12.8,4.948050498962402,5.798456192016602,-0.0709429016138281,313,117
log_bid_usd_within_2t,-12.6,4.931014537811279,5.798456192016602,-0.07105212856011578,313,117
log_bid_usd_within_2t,-12.4,4.875197410583496,6.1483378410339355,-0.08454165642664047,313,117
log_bid_usd_within_2t,-12.2,4.843084335327148,6.1483378410339355,-0.09327981212965242,313,117
log_bid_usd_within_2t,-12.0,4.875197410583496,5.805974960327148,-0.08585237978209226,313,117
log_bid_usd_within_2t,-11.8,4.8532795906066895,5.805974960327148,-0.10070724447721258,313,117
log_bid_usd_within_2t,-11.6,4.8532795906066895,5.805974960327148,-0.09027607110674207,313,117
log_bid_usd_within_2t,-11.4,4.8532795906066895,5.836563587188721,-0.09005761721416672,313,117
log_bid_usd_within_2t,-11.2,4.8532795906066895,5.836563587188721,-0.08880150733185876,313,117
log_bid_usd_within_2t,-11.0,4.875197410583496,6.349875450134277,-0.09185986182791295,313,117
log_bid_usd_within_2t,-10.8,4.875197410583496,5.9364800453186035,-0.08645312798667426,313,117
log_bid_usd_within_2t,-10.6,4.843084335327148,5.9364800453186035,-0.10048879058463722,313,117
log_bid_usd_within_2t,-10.4,4.843084335327148,5.9364800453186035,-0.11468829360203159,313,117
log_bid_usd_within_2t,-10.2,4.8532795906066895,5.805974960327148,-0.09682968788400104,313,117
log_bid_usd_within_2t,-10.0,4.72428560256958,6.349875450134277,-0.10909041260478958,313,117
log_bid_usd_within_2t,-9.8,4.4649271965026855,6.398580074310303,-0.11493405423117886,313,117
log_bid_usd_within_2t,-9.6,4.394449234008789,6.398580074310303,-0.11823816935638021,313,117
log_bid_usd_within_2t,-9.4,4.4649271965026855,6.349875450134277,-0.11326834330029223,313,117
log_bid_usd_within_2t,-9.2,4.394449234008789,6.349875450134277,-0.11594440348433954,313,117
log_bid_usd_within_2t,-9.0,4.287990570068359,5.805974960327148,-0.10169028699380134,313,117
log_bid_usd_within_2t,-8.8,4.121635437011719,5.303294658660889,-0.09584664536741216,313,117
log_bid_usd_within_2t,-8.6,3.9927916526794434,5.303294658660889,-0.09254253024221071,313,117
log_bid_usd_within_2t,-8.4,4.042349338531494,5.144000053405762,-0.07334589443215644,313,117
log_bid_usd_within_2t,-8.2,4.121635437011719,5.242315292358398,-0.08036372573113792,313,117
log_bid_usd_within_2t,-8.0,3.931825637817383,5.242315292358398,-0.08426858906092138,313,117
log_bid_usd_within_2t,-7.8,3.931825637817383,5.242315292358398,-0.09147756751590619,313,117
log_bid_usd_within_2t,-7.6,3.630190372467041,4.521245002746582,-0.08317631959804483,313,117
log_bid_usd_within_2t,-7.4,3.169130802154541,5.062594890594482,-0.09415362769995361,313,117
log_bid_usd_within_2t,-7.2,2.7113778591156006,4.521245002746582,-0.09833155839545615,313,117
log_bid_usd_within_2t,-7.0,2.525728702545166,4.521245002746582,-0.08983916332159148,313,117
log_bid_usd_within_2t,-6.8,2.420368194580078,4.521245002746582,-0.08309439938832908,313,117
log_bid_usd_within_2t,-6.6,1.6804554462432861,4.521245002746582,-0.09644739357199417,313,117
log_bid_usd_within_2t,-6.4,0.6956441402435303,3.828641414642334,-0.11266759509571012,313,117
log_bid_usd_within_2t,-6.2,0.6956441402435303,3.6763007640838623,-0.10179951394008901,313,117
log_bid_usd_within_2t,-6.0,0.0,3.7135720252990723,-0.09609240599655933,313,117
log_bid_usd_within_2t,-5.8,0.0,1.5789786577224731,-0.07735998470822747,313,117
log_bid_usd_within_2t,-5.6,0.0,1.7316555976867676,-0.08022719204827833,313,117
log_bid_usd_within_2t,-5.4,0.0,1.0647107362747192,-0.07367357527101936,313,117
log_bid_usd_within_2t,-5.2,0.0,1.0647107362747192,-0.07176210371098546,313,117
log_bid_usd_within_2t,-5.0,0.0,1.0647107362747192,-0.07760574533737474,313,117
log_bid_usd_within_2t,-4.8,0.0,0.6678293347358704,-0.08090986046257609,313,117
log_bid_usd_within_2t,-4.6,0.0,0.6678293347358704,-0.07738729144479939,313,117
log_bid_usd_within_2t,-4.4,0.0,0.3461396396160126,-0.07675923650364547,313,117
log_bid_usd_within_2t,-4.2,0.0,0.0,-0.05453155293410883,313,117
log_bid_usd_within_2t,-4.0,0.0,0.0,-0.0558149695529887,313,117
log_bid_usd_within_2t,-3.8,0.0,0.0,-0.06190437180852515,313,117
log_bid_usd_within_2t,-3.6,0.0,0.0,-0.057098386171868576,313,117
log_bid_usd_within_2t,-3.4,0.0,0.0,-0.029955490019387798,313,117
log_bid_usd_within_2t,-3.2,0.0,0.0,-0.02605062668960434,313,117
log_bid_usd_within_2t,-3.0,0.0,0.0,-0.01936047622948578,313,117
log_bid_usd_within_2t,-2.8,0.0,0.0,-0.008000873815570353,313,117
log_bid_usd_within_2t,-2.6,0.0,0.0,-0.012397258403648137,313,117
log_bid_usd_within_2t,-2.4,0.0,0.0,0.005488654050954445,313,117
log_bid_usd_within_2t,-2.2,0.0,0.0,0.03022855738510688,313,117
log_bid_usd_within_2t,-2.0,0.0,0.0,0.013462221129952656,313,117
log_bid_usd_within_2t,-1.8,0.0,0.0,0.017339777723164307,313,117
log_bid_usd_within_2t,-1.6,0.0,0.0,0.010212719477895149,313,117
log_bid_usd_within_2t,-1.4,0.0,0.0,0.016602495835722708,313,117
log_bid_usd_within_2t,-1.2,0.0,0.0,-0.0024302995549001505,313,117
log_bid_usd_within_2t,-1.0,0.0,0.0,0.005597880997242122,313,117
log_bid_usd_within_2t,-0.8,0.0,0.0,0.03869364572239964,313,117
log_bid_usd_within_2t,-0.6,0.0,0.0,0.04268042926189897,313,117
log_bid_usd_within_2t,-0.4,0.0,0.0,0.026897135523333615,313,117
log_bid_usd_within_2t,-0.2,0.0,0.0,0.0393490074001257,313,117
log_bid_usd_within_2t,0.0,0.0,0.0,0.0030037410229104555,313,117
log_ask_usd_within_2t,-15.0,4.518740177154541,6.660574913024902,-0.1129406624614292,313,117
log_ask_usd_within_2t,-14.8,4.518740177154541,6.566672325134277,-0.10879003850249858,313,117
log_ask_usd_within_2t,-14.6,4.875197410583496,6.526766300201416,-0.09756696977144264,313,117
log_ask_usd_within_2t,-14.4,4.454347133636475,6.526766300201416,-0.11993118702383876,313,117
log_ask_usd_within_2t,-14.2,4.621456623077393,6.478509426116943,-0.10892657218535817,313,117
log_ask_usd_within_2t,-14.0,4.875197410583496,6.526766300201416,-0.11801971546380496,313,117
log_ask_usd_within_2t,-13.8,4.875197410583496,6.478509426116943,-0.10256410256410253,313,117
log_ask_usd_within_2t,-13.6,5.004751205444336,6.478509426116943,-0.09977881543376754,313,117
log_ask_usd_within_2t,-13.4,5.046926021575928,6.478509426116943,-0.09939652112176078,313,117
log_ask_usd_within_2t,-13.2,5.0906782150268555,6.526766300201416,-0.09901422680975391,313,117
log_ask_usd_within_2t,-13.0,5.081404209136963,6.566672325134277,-0.09844078534174383,313,117
log_ask_usd_within_2t,-12.8,5.116555690765381,6.660574913024902,-0.11195761994484044,313,117
log_ask_usd_within_2t,-12.6,5.116555690765381,6.566672325134277,-0.1048578684361432,313,117
log_ask_usd_within_2t,-12.4,5.042715072631836,6.566672325134277,-0.11823816935638021,313,117
log_ask_usd_within_2t,-12.2,4.9916582107543945,6.566672325134277,-0.13434914393380848,313,117
log_ask_usd_within_2t,-12.0,4.9916582107543945,6.566672325134277,-0.13596024139155127,313,117
log_ask_usd_within_2t,-11.8,4.9916582107543945,6.566672325134277,-0.14882171431692204,313,117
log_ask_usd_within_2t,-11.6,4.875197410583496,6.566672325134277,-0.13227383195434317,313,117
log_ask_usd_within_2t,-11.4,4.9916582107543945,6.566672325134277,-0.14256847164195408,313,117
log_ask_usd_within_2t,-11.2,4.9916582107543945,6.660574913024902,-0.14355151415854295,313,117
log_ask_usd_within_2t,-11.0,4.9916582107543945,6.685861110687256,-0.15242620354441438,313,117
log_ask_usd_within_2t,-10.8,4.875197410583496,6.660574913024902,-0.14868518063406244,313,117
log_ask_usd_within_2t,-10.6,4.540098190307617,6.660574913024902,-0.1620108680811556,313,117
log_ask_usd_within_2t,-10.4,4.6218953132629395,6.754988670349121,-0.1810709702083504,313,117
log_ask_usd_within_2t,-10.2,4.875197410583496,6.7833251953125,-0.1777122416100052,313,117
log_ask_usd_within_2t,-10.0,4.709530353546143,6.714836597442627,-0.17719341361513885,313,117
log_ask_usd_within_2t,-9.8,4.6218953132629395,6.685861110687256,-0.17353431091450255,313,117
log_ask_usd_within_2t,-9.6,4.6218953132629395,6.685861110687256,-0.17424428606537234,313,117
log_ask_usd_within_2t,-9.4,4.540098190307617,6.513941764831543,-0.15851560579995083,313,117
log_ask_usd_within_2t,-9.2,4.540098190307617,6.513941764831543,-0.1656699707817919,313,117
log_ask_usd_within_2t,-9.0,4.486161231994629,6.308034896850586,-0.1671445345566751,313,117
log_ask_usd_within_2t,-8.8,4.4401774406433105,6.119593620300293,-0.16042707735998474,313,117
log_ask_usd_within_2t,-8.6,4.456071376800537,5.842207431793213,-0.1392370497801808,313,117
log_ask_usd_within_2t,-8.4,4.486161231994629,5.817587375640869,-0.12200649900330407,313,117
log_ask_usd_within_2t,-8.2,4.486161231994629,5.7398247718811035,-0.10712432757161194,313,117
log_ask_usd_within_2t,-8.0,4.208669662475586,5.4212141036987305,-0.10638704568417023,313,117
log_ask_usd_within_2t,-7.8,4.146304607391357,5.4212141036987305,-0.11531634854318562,313,117
log_ask_usd_within_2t,-7.6,3.6659791469573975,5.192362308502197,-0.11403293192430575,313,117
log_ask_usd_within_2t,-7.4,3.6659791469573975,5.242276191711426,-0.13164577701318914,313,117
log_ask_usd_within_2t,-7.2,2.5649492740631104,5.192362308502197,-0.13724365801043115,313,117
log_ask_usd_within_2t,-7.0,2.452727794647217,5.192362308502197,-0.1434695939488272,313,117
log_ask_usd_within_2t,-6.8,1.945910096168518,5.192362308502197,-0.1468556292837443,313,117
log_ask_usd_within_2t,-6.6,1.1314021348953247,5.135740756988525,-0.15136124081810987,313,117
log_ask_usd_within_2t,-6.4,0.0,4.962212085723877,-0.14931323557521636,313,117
log_ask_usd_within_2t,-6.2,0.0,4.709530353546143,-0.1339395428852298,313,117
log_ask_usd_within_2t,-6.0,0.0,4.709530353546143,-0.1383359274733077,313,117
log_ask_usd_within_2t,-5.8,0.0,4.174187183380127,-0.12326260888561213,313,117
log_ask_usd_within_2t,-5.6,0.0,3.8394522666931152,-0.11507058791403835,313,117
log_ask_usd_within_2t,-5.4,0.0,3.6888794898986816,-0.11280412877856971,313,117
log_ask_usd_within_2t,-5.2,0.0,3.3204572200775146,-0.11548018896261703,313,117
log_ask_usd_within_2t,-5.0,0.0,3.3204572200775146,-0.1169001392643565,313,117
log_ask_usd_within_2t,-4.8,0.0,3.3204572200775146,-0.12107806995985915,313,117
log_ask_usd_within_2t,-4.6,0.0,3.3204572200775146,-0.12255263373474234,313,117
log_ask_usd_within_2t,-4.4,0.0,0.8537768125534058,-0.11545288222604522,313,117
log_ask_usd_within_2t,-4.2,0.0,0.0,-0.09333442560279626,313,117
log_ask_usd_within_2t,-4.0,0.0,0.0,-0.09322519865650858,313,117
log_ask_usd_within_2t,-3.8,0.0,0.0,-0.0935528794953715,313,117
log_ask_usd_within_2t,-3.6,0.0,0.0,-0.08863766691242725,313,117
log_ask_usd_within_2t,-3.4,0.0,0.0,-0.06938641762922915,313,117
log_ask_usd_within_2t,-3.2,0.0,0.0,-0.05439501925124923,313,117
log_ask_usd_within_2t,-3.0,0.0,0.0,-0.053958111466098635,313,117
log_ask_usd_within_2t,-2.8,0.0,0.0,-0.042380055159607855,313,117
log_ask_usd_within_2t,-2.6,0.0,0.0,-0.047677562054558864,313,117
log_ask_usd_within_2t,-2.4,0.0,0.0,-0.01725785751344855,313,117
log_ask_usd_within_2t,-2.2,0.0,0.0,0.012014964091641378,313,117
log_ask_usd_within_2t,-2.0,0.0,0.0,0.016302121733431596,313,117
log_ask_usd_within_2t,-1.8,0.0,0.0,0.018595887605472372,313,117
log_ask_usd_within_2t,-1.6,0.0,0.0,0.024139155129570433,313,117
log_ask_usd_within_2t,-1.4,0.0,0.0,0.029764342863384474,313,117
log_ask_usd_within_2t,-1.2,0.0,0.0,0.011496136096775134,313,117
log_ask_usd_within_2t,-1.0,0.0,0.0,-0.0005188279948663554,313,117
log_ask_usd_within_2t,-0.8,0.0,0.0,0.02285573851069067,313,117
log_ask_usd_within_2t,-0.6,0.0,0.0,0.027607110674203295,313,117
log_ask_usd_within_2t,-0.4,0.0,0.0,0.02842631277136065,313,117
log_ask_usd_within_2t,-0.2,0.0,0.0,0.01826820676660934,313,117
log_ask_usd_within_2t,0.0,0.0,0.0,-0.002757980393763182,313,117
log_bid_depth,-15.0,6.4056077003479,7.599506855010986,-0.24431337210889925,313,117
log_bid_depth,-14.8,6.270931243896484,7.656074047088623,-0.259332077223451,313,117
log_bid_depth,-14.6,6.270426273345947,7.513784885406494,-0.2451325742060566,313,117
log_bid_depth,-14.4,6.270931243896484,7.656074047088623,-0.2527238469730483,313,117
log_bid_depth,-14.2,6.3638691902160645,7.590633392333984,-0.2448322001037656,313,117
log_bid_depth,-14.0,6.52683162689209,7.713527679443359,-0.24152808497856426,313,117
log_bid_depth,-13.8,6.596594333648682,7.713527679443359,-0.24109117719341366,313,117
log_bid_depth,-13.6,6.623520374298096,7.721463203430176,-0.2236694792605336,313,117
log_bid_depth,-13.4,6.684815406799316,7.711575508117676,-0.241582698451708,313,117
log_bid_depth,-13.2,6.650859355926514,7.690728187561035,-0.23207995412468252,313,117
log_bid_depth,-13.0,6.628398418426514,7.560783386230469,-0.24267496791458454,313,117
log_bid_depth,-12.8,6.64879035949707,7.519104480743408,-0.2393708527893832,313,117
log_bid_depth,-12.6,6.649567604064941,7.43355131149292,-0.22948581415035085,313,117
log_bid_depth,-12.4,6.6421217918396,7.43355131149292,-0.2264820731274405,313,117
log_bid_depth,-12.2,6.458515644073486,7.40519380569458,-0.22951312088692277,313,117
log_bid_depth,-12.0,6.529331684112549,7.40519380569458,-0.22552633734742356,313,117
log_bid_depth,-11.8,6.478110313415527,7.4125776290893555,-0.23109691160809376,313,117
log_bid_depth,-11.6,6.478110313415527,7.484727382659912,-0.2502116272084324,313,117
log_bid_depth,-11.4,6.478110313415527,7.500926971435547,-0.2471532727123782,313,117
log_bid_depth,-11.2,6.478110313415527,7.521421909332275,-0.2501024002621447,313,117
log_bid_depth,-11.0,6.431621551513672,7.6257147789001465,-0.2507304552032986,313,117
log_bid_depth,-10.8,6.400251388549805,7.500926971435547,-0.24630676387864892,313,117
log_bid_depth,-10.6,6.368983268737793,7.500926971435547,-0.2501297069987166,313,117
log_bid_depth,-10.4,6.36004114151001,7.500926971435547,-0.24677097840037132,313,117
log_bid_depth,-10.2,6.297919273376465,7.6257147789001465,-0.24750826028781303,313,117
log_bid_depth,-10.0,6.174718379974365,7.606977939605713,-0.2431937959094509,313,117
log_bid_depth,-9.8,6.152421951293945,7.484727382659912,-0.23882471805794492,313,117
log_bid_depth,-9.6,6.1253790855407715,7.414680004119873,-0.2417465388711395,313,117
log_bid_depth,-9.4,6.171967029571533,7.385455131530762,-0.22342371863138633,313,117
log_bid_depth,-9.2,6.2355475425720215,7.385455131530762,-0.22981349498921388,313,117
log_bid_depth,-9.0,6.080435752868652,7.372004508972168,-0.23401873242128834,313,117
log_bid_depth,-8.8,6.049143314361572,7.337586879730225,-0.21203680948089898,313,117
log_bid_depth,-8.6,6.0970540046691895,7.293846130371094,-0.20553780617678385,313,117
log_bid_depth,-8.4,6.0269036293029785,7.337586879730225,-0.22320526473881108,313,117
log_bid_depth,-8.2,6.059056758880615,7.293846130371094,-0.2245706015674067,313,117
log_bid_depth,-8.0,6.059056758880615,7.268495082855225,-0.22959504109663853,313,117
log_bid_depth,-7.8,5.98106050491333,7.21799373626709,-0.22418830725539995,313,117
log_bid_depth,-7.6,5.939000606536865,7.18386697769165,-0.2177985308975724,313,117
log_bid_depth,-7.4,5.836619853973389,7.193356037139893,-0.22653668660058435,313,117
log_bid_depth,-7.2,5.836619853973389,7.193356037139893,-0.22555364408399547,313,117
log_bid_depth,-7.0,5.773642539978027,7.193356037139893,-0.22227683569536605,313,117
log_bid_depth,-6.8,5.803537368774414,7.174039840698242,-0.2266186068103001,313,117
log_bid_depth,-6.6,5.773642539978027,7.193356037139893,-0.2298681084623576,313,117
log_bid_depth,-6.4,5.721917152404785,7.18386697769165,-0.23442833346986702,313,117
log_bid_depth,-6.2,5.697359085083008,7.174039840698242,-0.21490401682094973,313,117
log_bid_depth,-6.0,5.697359085083008,7.129458427429199,-0.2147401764015182,313,117
log_bid_depth,-5.8,5.655710697174072,7.018805503845215,-0.21042571202315608,313,117
log_bid_depth,-5.6,5.609287261962891,6.956307411193848,-0.21818082520957915,313,117
log_bid_depth,-5.4,5.609287261962891,6.956154823303223,-0.2145763359820868,313,117
log_bid_depth,-5.2,5.599754333496094,6.956307411193848,-0.20687583626880757,313,117
log_bid_depth,-5.0,5.5995683670043945,6.9218549728393555,-0.21506785724038124,313,117
log_bid_depth,-4.8,5.558216094970703,6.868785858154297,-0.2120641162174709,313,117
log_bid_depth,-4.6,5.594932556152344,6.866744518280029,-0.19977608476011033,313,117
log_bid_depth,-4.4,5.5760626792907715,6.895996570587158,-0.2186996532044455,313,117
log_bid_depth,-4.2,5.552571773529053,6.704570293426514,-0.21097184675459435,313,117
log_bid_depth,-4.0,5.496836185455322,6.450675010681152,-0.2092788290871358,313,117
log_bid_depth,-3.8,5.458436012268066,6.450675010681152,-0.2029436662024522,313,117
log_bid_depth,-3.6,5.430177211761475,6.258720874786377,-0.2032713470413151,313,117
log_bid_depth,-3.4,5.365087509155273,6.236115455627441,-0.20411785587504438,313,117
log_bid_depth,-3.2,5.353435039520264,6.264196872711182,-0.20534665902078042,313,117
log_bid_depth,-3.0,5.347916603088379,6.236115455627441,-0.19450588460173124,313,117
log_bid_depth,-2.8,5.192567825317383,6.116530418395996,-0.21872695994101743,313,117
log_bid_depth,-2.6,5.186433792114258,6.162877082824707,-0.20641162174708505,313,117
log_bid_depth,-2.4,5.141989707946777,6.025313377380371,-0.18986373938450618,313,117
log_bid_depth,-2.2,5.052667617797852,5.763275623321533,-0.18290052155866854,313,117
log_bid_depth,-2.0,5.123058795928955,5.747601509094238,-0.17885912454602548,313,117
log_bid_depth,-1.8,4.944638252258301,5.747601509094238,-0.18522159416728112,313,117
log_bid_depth,-1.6,4.893726825714111,5.717519283294678,-0.1779853089757243,313,117
log_bid_depth,-1.4,4.941498279571533,5.46213436126709,-0.14824827284891184,313,117
log_bid_depth,-1.2,4.972384452819824,5.374346733093262,-0.13800824663444466,313,117
log_bid_depth,-1.0,4.718945503234863,5.3051910400390625,-0.1542284481581606,313,117
log_bid_depth,-0.8,4.718945503234863,5.259472370147705,-0.16280276344174105,313,117
log_bid_depth,-0.6,4.654974937438965,5.0732831954956055,-0.15100625324267491,313,117
log_bid_depth,-0.4,4.529475212097168,5.232022762298584,-0.16678954698124027,313,117
log_bid_depth,-0.2,4.363096237182617,5.088756084442139,-0.15971710220911495,313,117
log_bid_depth,0.0,4.279995441436768,4.893370628356934,-0.16719914802981894,313,117
log_ask_depth,-15.0,7.934998512268066,8.320350646972656,-0.11788318178094537,313,117
log_ask_depth,-14.8,7.883306980133057,8.320350646972656,-0.13978318451161897,313,117
log_ask_depth,-14.6,7.880928993225098,8.320350646972656,-0.1317550039594768,313,117
log_ask_depth,-14.4,7.861876964569092,8.456318855285645,-0.14770213811747357,313,117
log_ask_depth,-14.2,7.861876964569092,8.321699142456055,-0.14650064170830945,313,117
log_ask_depth,-14.0,7.85805082321167,8.445930480957031,-0.15338193932443134,313,117
log_ask_depth,-13.8,7.851681232452393,8.404576301574707,-0.16026323694055322,313,117
log_ask_depth,-13.6,7.851681232452393,8.317578315734863,-0.1477567515906174,313,117
log_ask_depth,-13.4,7.903134346008301,8.317578315734863,-0.13623330875727047,313,117
log_ask_depth,-13.2,7.860071659088135,8.309530258178711,-0.12427295813877282,313,117
log_ask_depth,-13.0,7.860071659088135,8.17994213104248,-0.12989814587258675,313,117
log_ask_depth,-12.8,7.860071659088135,8.17994213104248,-0.14939515578493212,313,117
log_ask_depth,-12.6,7.85805082321167,8.317578315734863,-0.1624477758663062,313,117
log_ask_depth,-12.4,7.861876964569092,8.317578315734863,-0.1561126129816226,313,117
log_ask_depth,-12.2,7.878340244293213,8.317578315734863,-0.15108817345239067,313,117
log_ask_depth,-12.0,7.85805082321167,8.181132316589355,-0.14267769858824175,313,117
log_ask_depth,-11.8,7.845827102661133,8.181132316589355,-0.1505420387209525,313,117
log_ask_depth,-11.6,7.80012321472168,8.153629302978516,-0.14966822315065131,313,117
log_ask_depth,-11.4,7.774174690246582,8.153629302978516,-0.1468829360203162,313,117
log_ask_depth,-11.2,7.759472370147705,8.181132316589355,-0.14502607793342615,313,117
log_ask_depth,-11.0,7.826833248138428,8.316311836242676,-0.13164577701318914,313,117
log_ask_depth,-10.8,7.851381301879883,8.181132316589355,-0.12154228448158155,313,117
log_ask_depth,-10.6,7.805291652679443,8.092257499694824,-0.12957046503372383,313,117
log_ask_depth,-10.4,7.808172702789307,8.092257499694824,-0.1373255782201469,313,117
log_ask_depth,-10.2,7.747880935668945,8.092257499694824,-0.1446437836214194,313,117
log_ask_depth,-10.0,7.776379585266113,8.181132316589355,-0.13377570246579829,313,117
log_ask_depth,-9.8,7.717800617218018,8.181132316589355,-0.15731410939078672,313,117
log_ask_depth,-9.6,7.6999077796936035,8.209978103637695,-0.15387346058272577,313,117
log_ask_depth,-9.4,7.688377857208252,8.158677101135254,-0.1582971519073756,313,117
log_ask_depth,-9.2,7.674686431884766,8.181132316589355,-0.15092433303295927,313,117
log_ask_depth,-9.0,7.692310810089111,8.158677101135254,-0.14606373392315886,313,117
log_ask_depth,-8.8,7.649291515350342,7.937289237976074,-0.12804128778569668,313,117
log_ask_depth,-8.6,7.668866157531738,7.942695617675781,-0.12694901832282024,313,117
log_ask_depth,-8.4,7.674686431884766,7.9311957359313965,-0.10302831708582505,313,117
log_ask_depth,-8.2,7.626452922821045,7.9311957359313965,-0.12470986592392341,313,117
log_ask_depth,-8.0,7.669286251068115,7.923735618591309,-0.10608667158187923,313,117
log_ask_depth,-7.8,7.637810230255127,7.9311957359313965,-0.13022582671144967,313,117
log_ask_depth,-7.6,7.637810230255127,7.920886039733887,-0.10925425302422109,313,117
log_ask_depth,-7.4,7.61460542678833,7.8985819816589355,-0.11061958985281672,313,117
log_ask_depth,-7.2,7.566756725311279,7.879316329956055,-0.10351983834411949,313,117
log_ask_depth,-7.0,7.61460542678833,7.8985819816589355,-0.09925998743890119,313,117
log_ask_depth,-6.8,7.567277431488037,7.879316329956055,-0.09685699462057284,313,117
log_ask_depth,-6.6,7.45689582824707,7.879316329956055,-0.11236722099341911,313,117
log_ask_depth,-6.4,7.577230453491211,7.848355293273926,-0.07271783949100241,313,117
log_ask_depth,-6.2,7.577230453491211,7.848355293273926,-0.08140138172087052,313,117
log_ask_depth,-6.0,7.567277431488037,7.920886039733887,-0.09784003713716172,313,117
log_ask_depth,-5.8,7.613014221191406,7.765574932098389,-0.0900303104775948,313,117
log_ask_depth,-5.6,7.519035816192627,7.6939287185668945,-0.09598317905027165,313,117
log_ask_depth,-5.4,7.462984085083008,7.6939287185668945,-0.06933180415608531,313,117
log_ask_depth,-5.2,7.452852725982666,7.6939287185668945,-0.10504901559214663,313,117
log_ask_depth,-5.0,7.410531997680664,7.666348457336426,-0.10783430272248162,313,117
log_ask_depth,-4.8,7.411001682281494,7.666348457336426,-0.10466672128013976,313,117
log_ask_depth,-4.6,7.411001682281494,7.644940376281738,-0.09287021108107374,313,117
log_ask_depth,-4.4,7.438858985900879,7.6520609855651855,-0.09958766827776411,313,117
log_ask_depth,-4.2,7.432615280151367,7.646988868713379,-0.11001884164823461,313,117
log_ask_depth,-4.0,7.387997627258301,7.594743728637695,-0.10242756888124305,313,117
log_ask_depth,-3.8,7.341969966888428,7.596292018890381,-0.11143879194997408,313,117
log_ask_depth,-3.6,7.2711405754089355,7.57438850402832,-0.12186996532044458,313,117
log_ask_depth,-3.4,7.227278709411621,7.549440860748291,-0.12481909287021109,313,117
log_ask_depth,-3.2,7.249250888824463,7.577966213226318,-0.10903579913164574,313,117
log_ask_depth,-3.0,7.249250888824463,7.577966213226318,-0.11859315693181505,313,117
log_ask_depth,-2.8,7.232668399810791,7.540092945098877,-0.11160263236940549,313,117
log_ask_depth,-2.6,7.227278709411621,7.496798515319824,-0.09822233144916848,313,117
log_ask_depth,-2.4,7.174523830413818,7.505362033843994,-0.0740285628464542,313,117
log_ask_depth,-2.2,7.147158622741699,7.390256881713867,-0.06086671581879255,313,117
log_ask_depth,-2.0,7.101840019226074,7.390256881713867,-0.07004177930695499,313,117
log_ask_depth,-1.8,7.075056552886963,7.341736793518066,-0.0791622293219737,313,117
log_ask_depth,-1.6,7.0531840324401855,7.341736793518066,-0.08101908740886377,313,117
log_ask_depth,-1.4,7.0660319328308105,7.328194618225098,-0.07735998470822747,313,117
log_ask_depth,-1.2,7.070494651794434,7.34505558013916,-0.09336173233936818,313,117
log_ask_depth,-1.0,7.010393142700195,7.295511245727539,-0.10373829223669484,313,117
log_ask_depth,-0.8,6.93126916885376,7.21931266784668,-0.11482482728489118,313,117
log_ask_depth,-0.6,6.888572692871094,7.214938640594482,-0.1336664755195106,313,117
log_ask_depth,-0.4,6.888572692871094,7.1195878982543945,-0.10958193386308401,313,117
log_ask_depth,-0.2,6.867231845855713,7.143492698669434,-0.08566123262608882,313,117
log_ask_depth,0.0,6.898121356964111,6.940677642822266,-0.004887905846372331,313,117
