up,l1_imbalance,near_imbalance,depth_imbalance,l1_bid_usd,l1_ask_usd,log_bid_usd_within_2t,log_ask_usd_within_2t,log_bid_depth,log_ask_depth
1,0.666253924369812,0.6389347314834595,-0.1126115694642067,9594.205078125,1921.6927490234375,9.852821350097656,8.340264320373535,9.916670799255371,10.142843246459961
1,-0.8231512308120728,0.0,-0.7205083966255188,2.1999998092651367,22.680002212524414,0.0,0.0,4.901381492614746,6.712536811828613
1,0.026657065376639366,-0.6803486943244934,-0.05632598325610161,1100.984619140625,1043.8106689453125,7.004868030548096,8.66365909576416,8.616494178771973,8.729246139526367
1,0.9022231101989746,0.7944864630699158,0.026857739314436913,14980.1455078125,770.0,9.635552406311035,7.469095230102539,9.797954559326172,9.744229316711426
1,-0.9640400409698486,0.3315330147743225,-0.19082631170749664,37.6200065612793,2054.708740234375,8.83144474029541,8.14249038696289,8.888245582580566,9.274590492248535
0,-0.6799092292785645,0.0,-0.5649153590202332,7.050000190734863,37.0,0.0,0.0,5.121749401092529,6.39747953414917
0,0.8507390022277832,0.0,-0.4213663637638092,23.100000381469727,1.8630001544952393,0.0,0.0,5.004064083099365,5.898781776428223
1,0.975037693977356,0.4738549590110779,-0.41665545105934143,9684.4130859375,122.4000015258789,9.178376197814941,8.148502349853516,9.516640663146973,10.403873443603516
1,0.9749336242675781,0.0,-0.5012394785881042,260.0,3.3000001907348633,0.0,0.0,5.8078131675720215,6.9077253341674805
1,0.293192595243454,0.4168088436126709,-0.0280317272990942,146.37002563476562,80.00000762939453,5.340849876403809,4.460028648376465,6.039567947387695,6.095516204833984
1,0.9604139924049377,0.1297871470451355,-0.12263976782560349,1688.035400390625,34.08599853515625,8.504721641540527,8.243735313415527,8.893267631530762,9.139758110046387
1,-0.9857696294784546,-0.9858787059783936,-0.9653473496437073,9.073751449584961,1266.1910400390625,2.3099331855773926,7.152300834655762,4.25173807144165,8.275699615478516
1,-0.33954039216041565,0.0,-0.9013205766677856,69.51998138427734,141.00003051757812,0.0,0.0,5.057101726531982,8.009477615356445
1,0.5437321662902832,0.0,-0.997514009475708,11.040000915527344,3.2629995346069336,0.0,0.0,4.052999973297119,10.724496841430664
1,0.9792181253433228,0.9792181253433228,-0.12920010089874268,199.9999542236328,2.1000001430511475,5.303304672241211,1.1314021348953247,5.954385280609131,6.213644027709961
1,-0.7376803159713745,0.0,-0.23607590794563293,19.0,125.86141967773438,0.0,0.0,5.805749416351318,6.28582763671875
1,-0.571091890335083,0.0,-0.9401067495346069,4.368000030517578,16.0,0.0,0.0,5.746072769165039,9.220905303955078
1,0.9789473414421082,0.9789473414421082,-0.2783224880695343,235.00001525878906,2.499999761581421,5.463831901550293,1.2527629137039185,7.292952060699463,7.864381313323975
1,-0.06250008940696716,0.0,-0.5362243056297302,4.499999523162842,5.100000381469727,0.0,0.0,4.4029316902160645,5.592031002044678
1,-0.9596769213676453,0.0,-0.6234951019287109,1.1499998569488525,55.889404296875,0.0,0.0,5.178494453430176,6.635560989379883
0,-0.07692300528287888,-0.07458106428384781,-0.9901171922683716,216.0000457763672,252.00001525878906,5.384586811065674,5.533389568328857,6.0725417137146,11.375394821166992
1,-0.30898332595825195,0.0,-0.29220977425575256,27.999998092651367,53.040008544921875,0.0,0.0,6.071294784545898,6.672211647033691
0,-0.4224924147129059,0.0,-0.9659609794616699,0.9499999284744263,2.3399999141693115,0.0,0.0,2.274082660675049,6.223718166351318
1,-0.8181818127632141,0.0,-0.8062563538551331,2.0,20.000001907348633,0.0,0.0,3.8750457763671875,6.088820457458496
1,0.4032626450061798,0.0,-0.8972005844116211,24.000001907348633,10.205999374389648,0.0,0.0,4.46359395980835,7.367992877960205
1,0.9109861254692078,-0.461336225271225,-0.4898242950439453,353.4300537109375,16.462799072265625,6.577517986297607,7.5746541023254395,7.806420803070068,8.877811431884766
1,0.5885446667671204,0.5704060792922974,-0.3167078495025635,199.9999542236328,51.802799224853516,5.3183159828186035,4.034997940063477,5.654627323150635,6.308908939361572
1,-0.09930802136659622,0.0,-0.9191648364067078,20.000001907348633,24.410301208496094,0.0,0.0,3.044522523880005,6.165069580078125
1,0.06604830920696259,0.0,-0.9995691180229187,4.999500274658203,4.380000114440918,0.0,0.0,2.379499912261963,10.725093841552734
0,-0.9707409143447876,-0.9707409143447876,0.4455859065055847,0.9499999284744263,63.98699188232422,0.6678293347358704,4.174187183380127,6.976490497589111,6.019631862640381
1,-0.4178800582885742,0.17360588908195496,0.05544029921293259,2882.222412109375,7020.28076171875,9.898844718933105,9.548101425170898,9.920671463012695,9.809682846069336
1,-0.8071041107177734,-0.3641453981399536,-0.04816744849085808,65.5199966430664,613.810302734375,6.189495086669922,6.9517130851745605,7.550647735595703,7.647008895874023
0,-0.40749678015708923,-0.2847798466682434,-0.2841377854347229,862.5601806640625,2049.01953125,7.557689666748047,8.143210411071777,8.40669059753418,8.990946769714355
1,-0.7569820284843445,0.0,-0.9966753125190735,8.186399459838867,59.1864013671875,0.0,0.0,7.572009086608887,13.96933364868164
1,-0.7839810848236084,0.0,-0.9934689998626709,7.144200325012207,59.000003814697266,0.0,0.0,5.241888523101807,10.95767879486084
1,-0.9174737930297852,-0.624634325504303,-0.020741233602166176,754.0182495117188,17519.396484375,8.657774925231934,10.12277889251709,10.128867149353027,10.170353889465332
1,-0.8492560982704163,-0.8509547710418701,0.2821652293205261,74.99470520019531,919.9999389648438,4.330663681030273,6.837697505950928,8.01866626739502,7.438858985900879
0,-0.8750187754631042,0.0,-0.9259107112884521,4.999199867248535,75.0,0.0,0.0,3.1678688526153564,6.384435176849365
1,-0.8995758295059204,-0.9050582647323608,-0.993636429309845,7.930000305175781,149.99996948242188,2.1894164085388184,5.075923442840576,5.227358341217041,10.969127655029297
1,0.34961697459220886,0.34961697459220886,0.22400793433189392,345.4560241699219,166.47592163085938,5.8477559089660645,5.120839595794678,7.20010232925415,6.7447896003723145
1,-0.9373219609260559,0.0,-0.9986523389816284,7.69999885559082,237.99993896484375,0.0,0.0,5.238853454589844,12.535480499267578
1,-0.7755537629127502,0.0,-0.9849017262458801,0.33000001311302185,2.610570192337036,0.0,0.0,1.489527702331543,6.11497163772583
1,-0.060911793261766434,-0.06655612587928772,0.05089795961976051,204.99998474121094,231.59368896484375,5.327876091003418,5.4605793952941895,7.151012897491455,7.04921293258667
1,-0.8563012480735779,0.0,-0.8766739964485168,10.5,135.6390380859375,0.0,0.0,5.805675506591797,8.525284767150879
1,0.0901467576622963,0.0,-0.7589507102966309,2.6000001430511475,2.1700000762939453,0.0,0.0,6.1237640380859375,8.109343528747559
0,0.9027258157730103,0.9094323515892029,-0.634682834148407,890.0001220703125,45.499996185302734,6.867218494415283,3.8394522666931152,8.550739288330078,10.049027442932129
1,-0.11764698475599289,-0.11764698475599289,0.15904319286346436,2.700000047683716,3.419999599456787,1.3083328008651733,1.4861396551132202,5.855300426483154,5.535573482513428
1,-0.24619075655937195,0.0,-0.6833213567733765,39.92279815673828,66.00001525878906,0.0,0.0,4.507960796356201,6.169609546661377
1,-0.5838614106178284,0.0,-0.8041313290596008,3.743999481201172,14.250000953674316,0.0,0.0,4.381101131439209,6.590275764465332
0,0.7508111000061035,-0.4258744418621063,0.16628798842430115,1011.749755859375,143.99998474121094,6.920424461364746,7.829526901245117,9.333292961120605,8.997634887695312
1,-0.7490494251251221,0.34173333644866943,0.5321596264839172,66.00001525878906,460.0,6.844399929046631,6.133398056030273,7.753663539886475,6.568333148956299
1,-0.40000009536743164,0.0,-0.9741079211235046,5.999999523162842,14.000000953674316,0.0,0.0,2.374887228012085,6.612527847290039
1,-0.04022860899567604,-0.16011999547481537,9.345625585410744e-05,1226.9957275390625,1329.854248046875,9.890389442443848,10.213395118713379,10.248421669006348,10.248234748840332
1,-0.5496063828468323,-0.2707705795764923,-0.03278044983744621,21.449996948242188,73.80000305175781,3.7693066596984863,4.314817905426025,7.649973392486572,7.715527534484863
1,-0.1428571492433548,-0.1428571492433548,-0.47780418395996094,4.499999523162842,5.999999523162842,1.7047480344772339,1.945910096168518,2.887021541595459,3.890580654144287
0,0.5515031814575195,-0.09680747985839844,-0.22896093130111694,4378.384765625,1265.6702880859375,9.658164978027344,9.852376937866211,10.005794525146484,10.471962928771973
1,-0.782628059387207,0.0,-0.9977203607559204,4.999500274658203,41.000003814697266,0.0,0.0,3.036581516265869,9.763212203979492
0,-0.9922600388526917,0.0,-0.9922600388526917,0.04999999701976776,12.870000839233398,0.0,0.0,0.048790160566568375,2.629728317260742
1,-0.22660841047763824,0.0,-0.17156453430652618,67.4900131225586,107.03997802734375,0.0,0.0,4.339771270751953,4.682501316070557
1,-0.05980633571743965,-0.05980633571743965,-0.9353539347648621,243.1199493408203,274.04998779296875,5.497659683227539,5.616952896118164,6.274742603302002,9.672038078308105
1,-0.0949205532670021,0.2486388087272644,-0.7635624408721924,159.0,192.35037231445312,5.793013572692871,5.287106513977051,6.420368671417236,8.428364753723145
1,0.10031440109014511,0.035142913460731506,0.3564123213291168,719.4901733398438,588.2999877929688,7.6219964027404785,7.551717281341553,8.596412658691406,7.851077079772949
1,-0.8932042121887207,-0.8932042121887207,-0.2852563261985779,17.25,305.7964172363281,2.904165029525757,5.726184368133545,6.093908309936523,6.6796956062316895
1,-0.9148935675621033,-0.12087821215391159,0.44722890853881836,8.0,179.9999542236328,5.102302551269531,5.343934059143066,6.5998430252075195,5.639580249786377
0,0.9796773195266724,0.8894087076187134,-0.5836859941482544,941.0,9.660000801086426,6.90238094329834,4.080245494842529,7.174039840698242,8.50954532623291
0,-0.35947418212890625,-0.35947418212890625,-0.44912049174308777,207.7802734375,441.00006103515625,5.341282367706299,6.091310024261475,6.9218549728393555,7.888439655303955
0,-0.8758666515350342,-0.6603459119796753,-0.8717524409294128,124.87201690673828,1887.0299072265625,6.883331775665283,8.469369888305664,7.361941814422607,10.04201889038086
1,0.041130661964416504,0.041130661964416504,0.33636119961738586,673.1898193359375,620.0000610351562,6.513511657714844,6.431331157684326,7.798017978668213,7.098466396331787
1,0.7714936137199402,0.92247074842453,-0.035942867398262024,220.94595336914062,28.500001907348633,6.562028884887695,3.384390354156494,7.893731117248535,7.9656219482421875
1,-0.07760600000619888,1.0,-0.01419469341635704,18.90999984741211,22.09200096130371,2.9912221431732178,0.0,7.624877452850342,7.653254985809326
1,-0.7609901428222656,-0.851491391658783,-0.9520425200462341,42.000003814697266,309.4499816894531,3.9927916526794434,6.498781204223633,6.600282669067383,10.30527114868164
1,-0.9997647404670715,-0.5827094316482544,-0.053991928696632385,3.0999999046325684,26346.548828125,8.982979774475098,10.315998077392578,10.310901641845703,10.418987274169922
1,0.9789734482765198,0.0,-0.5553867816925049,319.9999694824219,3.4000000953674316,0.0,0.0,6.105662822723389,7.356343746185303
1,-0.975155234336853,0.0,-0.8084105253219604,5.699999809265137,453.15008544921875,0.0,0.0,5.758460521697998,8.000483512878418
1,-0.8748750686645508,-0.8762894868850708,-0.6451611518859863,40.70999526977539,609.9998779296875,3.730740785598755,6.427199840545654,7.739898681640625,9.273487091064453
1,0.892600417137146,-0.06749173253774643,-0.054369695484638214,319.8400573730469,18.149999618530273,9.40561294555664,9.540791511535645,9.506542205810547,9.615381240844727
1,-0.6827585697174072,0.0,-0.8891587257385254,11.500000953674316,60.999996185302734,0.0,0.0,4.944210529327393,7.773270130157471
1,-0.3292434513568878,0.0,-0.9655493497848511,4.919999599456787,9.750000953674316,0.0,0.0,3.8392372131347656,7.861876964569092
1,0.9324264526367188,0.6509646773338318,-0.18265099823474884,10583.017578125,370.0690002441406,9.267380714416504,7.713791370391846,9.513964653015137,9.883389472961426
1,-0.9168173670768738,-0.9179742932319641,-0.51959627866745,11.500000953674316,264.99993896484375,2.525728702545166,5.598051071166992,5.677024841308594,6.826253890991211
0,-0.3973383605480194,0.5941818952560425,-0.2877047061920166,8.5,19.708200454711914,7.380268573760986,6.013881683349609,7.488920211791992,8.080794334411621
1,-0.2715446949005127,0.0,-0.9792819619178772,2.240000009536743,3.9099998474121094,0.0,0.0,5.223485946655273,9.777626037597656
1,-0.9305543303489685,-0.9314243793487549,-0.985857367515564,7.7999982833862305,216.836181640625,2.1747515201568604,5.39674186706543,6.107600688934326,11.049995422363281
1,-0.1188809797167778,0.0,-0.9131743311882019,283.50006103515625,359.9999694824219,0.0,0.0,6.941141605377197,10.03283405303955
1,-0.05343049392104149,0.0,-0.8080134391784668,376.6400146484375,419.1600036621094,0.0,0.0,7.0121541023254395,9.253907203674316
0,-0.9519314765930176,0.0,-0.9972697496414185,2.322000026702881,94.28999328613281,0.0,0.0,3.0187160968780518,9.563826560974121
1,-0.26137375831604004,0.0,-0.6648898124694824,29.60099983215332,50.550498962402344,0.0,0.0,4.043943881988525,5.632899761199951
1,0.31417807936668396,0.31417807936668396,-0.23826627433300018,21.078298568725586,11.0,3.094595193862915,2.4849066734313965,6.400251388549805,6.885482311248779
1,-0.7377254962921143,0.0,-0.9890557527542114,3.0,19.87679672241211,0.0,0.0,5.266759395599365,10.46420669555664
0,0.3422381579875946,0.2682182788848877,-0.5829232931137085,1693.7100830078125,830.0001831054688,8.406196594238281,7.85647439956665,8.608146667480469,9.941770553588867
1,0.4610133171081543,0.0,-0.9639612436294556,20.330001831054688,7.5,0.0,0.0,3.0603489875793457,7.0113677978515625
1,0.3567962050437927,0.0,-0.5538476705551147,5.590000152587891,2.6499996185302734,0.0,0.0,5.599754333496094,6.844943046569824
1,0.9482186436653137,0.6037480235099792,-0.4423287808895111,10492.1923828125,278.87060546875,9.311631202697754,7.913857936859131,9.368895530700684,10.319087982177734
1,-0.2089201658964157,-0.2089201658964157,-0.9488765597343445,60.65999984741211,92.69999694824219,4.121635437011719,4.540098190307617,4.986820697784424,8.620916366577148
1,-0.18644073605537415,0.0,-0.8502090573310852,240.00001525878906,350.00006103515625,0.0,0.0,5.548608303070068,8.058837890625
1,-0.8519842624664307,-0.8786328434944153,-0.07505397498607635,831.4799194335938,10403.5361328125,6.724409103393555,9.462763786315918,9.396677017211914,9.547056198120117
1,0.08599049597978592,0.0,0.5347496867179871,16.218399047851562,13.65000057220459,0.0,0.0,3.829252004623413,2.6844403743743896
0,0.2549922466278076,0.44335290789604187,0.6703190207481384,758.7159423828125,450.4006042480469,7.063786029815674,6.1123552322387695,7.733220100402832,6.1123552322387695
0,0.9798984527587891,-0.5505985021591187,-0.053364191204309464,785.0000610351562,7.969999313354492,7.075193405151367,8.313072204589844,8.384239196777344,8.491045951843262
0,-0.3417230546474457,0.0,0.8303155303001404,3.4000000953674316,6.929999351501465,0.0,0.0,4.327451705932617,2.070652961730957
1,0.9678518772125244,-0.07190419733524323,-0.2576947808265686,202.0000457763672,3.3000001907348633,5.313206195831299,5.456602096557617,5.559334754943848,6.085030555725098
1,-0.8322147727012634,0.0,-0.9998989701271057,0.11999999731779099,1.3104000091552734,0.0,0.0,0.11332868039608002,7.774174690246582
1,0.98468416929245,0.0,-0.8944846987724304,311.00006103515625,2.3999998569488525,0.0,0.0,6.808936595916748,9.69573974609375
1,0.1518625169992447,-0.09892946481704712,-0.9637812972068787,1.005000114440918,0.7400000095367432,0.6956441402435303,0.8000625371932983,0.6956441402435303,4.016225814819336
0,-0.021516071632504463,-0.12893757224082947,-0.6772862672805786,930.0000610351562,970.8999633789062,6.85969877243042,7.118777751922607,7.193422794342041,8.840982437133789
1,0.503547191619873,-0.12026559561491013,-0.045661456882953644,4151.27392578125,1370.69970703125,8.639813423156738,8.881476402282715,9.061197280883789,9.152573585510254
1,-0.5919449925422668,-0.5919449925422668,-0.925713062286377,99.99999237060547,390.1299743652344,4.6151204109191895,5.9690399169921875,5.5995683670043945,8.851120948791504
1,-0.06707331538200378,1.0,-0.9485910534858704,244.79995727539062,280.0000305175781,5.504518032073975,0.0,6.040849685668945,9.673580169677734
0,0.564439058303833,-1.0,-0.27341794967651367,13.109999656677246,3.6500000953674316,0.0,1.5368672609329224,6.868785858154297,7.429447650909424
0,-0.9909931421279907,1.0,-0.4506673216819763,1.9000000953674316,420.0000915527344,1.0647107362747192,0.0,7.482619285583496,8.453344345092773
1,0.8431481122970581,-0.5801118016242981,-0.9985929131507874,10.000000953674316,0.8509999513626099,2.426924467086792,3.685147523880005,2.429746389389038,9.596345901489258
0,-0.04672902822494507,-0.04672902822494507,-0.883289098739624,255.0,280.0000305175781,5.545177459716797,5.638354778289795,6.130767345428467,8.90980052947998
0,-0.3670886158943176,0.0,-0.763763964176178,15.500001907348633,33.480003356933594,0.0,0.0,3.3357625007629395,5.314830780029297
1,0.9564028978347778,-0.03411191329360008,-0.430487722158432,5310.669921875,118.34479522705078,9.245716094970703,9.313960075378418,9.252768516540527,10.173701286315918
1,0.652004599571228,0.0,-0.8498783111572266,11.84000015258789,2.4941000938415527,0.0,0.0,5.5884833335876465,8.096468925476074
0,-0.1428571492433548,0.0,-0.6020908355712891,3.0,4.0,0.0,0.0,4.653081893920898,6.038732528686523
1,-0.3365897238254547,0.0,0.6867312788963318,13.500001907348633,27.19879913330078,0.0,0.0,4.993464469909668,3.3392794132232666
1,0.363294780254364,-0.26319411396980286,-0.8925327658653259,41.000003814697266,19.148401260375977,3.976311445236206,4.507539749145508,4.169421672821045,7.02321720123291
1,-0.9968166351318359,0.0,-0.9795251488685608,0.10999999940395355,68.99999237060547,0.0,0.0,3.40999174118042,7.948156833648682
1,-0.04635386914014816,-0.28999319672584534,-0.13543690741062164,4476.9404296875,4912.16162109375,8.47635555267334,9.073379516601562,9.49128246307373,9.763813018798828
0,-0.8416551947593689,0.03123738057911396,-0.11448919028043747,342.1860046386719,3979.848876953125,9.554719924926758,9.492229461669922,9.664851188659668,9.894824981689453
1,-0.8250951170921326,0.0,-0.7498557567596436,2.299999713897705,24.000001907348633,0.0,0.0,3.7990691661834717,5.724943161010742
1,-0.6415128707885742,0.0,-0.9329053163528442,5.0,22.895002365112305,0.0,0.0,2.6397714614868164,5.929058074951172
1,-0.9359145164489746,-0.08538860827684402,-0.0744120180606842,11.999999046325684,362.49993896484375,8.207656860351562,8.37880802154541,8.267437934875488,8.416501998901367
1,0.7187500596046448,0.8548387289047241,-0.7605960369110107,110.00001525878906,18.0,5.442417621612549,2.944438934326172,5.558216094970703,7.550134181976318
1,0.5309930443763733,0.8596733808517456,-0.06578239053487778,1695.3658447265625,519.3612670898438,8.836928367614746,6.254523277282715,9.048269271850586,9.180009841918945
1,0.8948867321014404,0.8948867321014404,-0.8441635966300964,1196.9996337890625,66.40000915527344,7.088408470153809,4.2106451988220215,7.144130706787109,9.614381790161133
1,-0.5789473652839661,0.0,-0.9884485602378845,1.0,3.75,0.0,0.0,1.0925941467285156,5.835330963134766
1,-0.16562922298908234,-0.16562922298908234,-0.9614231586456299,14.04999828338623,19.628070831298828,2.7113778591156006,3.0266528129577637,3.3985815048217773,7.294043064117432
1,-0.47370919585227966,-0.2871420979499817,-0.3074803352355957,6201.79736328125,17366.150390625,9.396398544311523,9.987258911132812,9.793583869934082,10.429078102111816
1,0.8998716473579407,0.9868215918540955,-0.15683969855308533,370.0,19.5,7.986464500427246,3.0204248428344727,8.380566596984863,8.696794509887695
0,-0.8597937226295471,0.0,-0.9889159798622131,3.4000000953674316,45.099998474121094,0.0,0.0,2.582237482070923,7.6939287185668945
1,-0.5039165019989014,0.0,0.2910394072532654,0.9499999284744263,2.880000114440918,0.0,0.0,6.346505641937256,5.748540878295898
1,-0.9661017656326294,0.0,-0.9672723412513733,0.5999999046325684,34.79999923706055,0.0,0.0,2.1349825859069824,6.107551574707031
1,-0.39563095569610596,-0.1466500610113144,-0.12722615897655487,104.58001708984375,241.49996948242188,7.208289623260498,7.503530502319336,7.35518741607666,7.610881805419922
0,-0.8357511162757874,0.10880916565656662,-0.01731191948056221,299.9970397949219,3352.9599609375,8.336321830749512,8.117897033691406,8.353973388671875,8.388592720031738
0,-0.021052567288279533,-1.0,-0.12490091472864151,930.0000610351562,969.9999389648438,0.0,6.878326416015625,7.161644458770752,7.412585258483887
1,0.044466372579336166,0.044466372579336166,-0.9992594122886658,3.0605998039245605,2.8000001907348633,1.4013307094573975,1.3350011110305786,2.0308525562286377,9.791160583496094
0,-0.5894167423248291,0.0,-0.810589611530304,95.85601806640625,371.070068359375,0.0,0.0,5.089775562286377,7.341736793518066
0,0.0390714667737484,0.0,-0.34103459119796753,134.3000030517578,124.20002746582031,0.0,0.0,6.956307411193848,7.666348457336426
0,0.7966194748878479,-0.6372349858283997,-0.8922680020332336,74.9988021850586,8.49000072479248,4.33071756362915,5.8274312019348145,4.8584065437316895,7.716944217681885
0,0.9139741063117981,-0.04714372009038925,-0.4600588083267212,930.0000610351562,41.80000305175781,7.244778156280518,7.339071273803711,7.3218793869018555,8.316234588623047
1,-0.9152691960334778,0.0,0.04400036484003067,1.4399998188018799,32.54999542236328,0.0,0.0,7.1391401290893555,7.0511555671691895
1,-0.1612902730703354,0.0,-0.9915198087692261,65.00000762939453,90.0,0.0,0.0,4.553139686584473,10.00151538848877
0,0.2360381931066513,0.25994250178337097,-0.563772439956665,229.60003662109375,141.90957641601562,5.4914140701293945,4.962212085723877,6.022181987762451,7.297124862670898
1,0.7327445149421692,0.0,-0.5430890917778015,74.55998229980469,11.500000953674316,0.0,0.0,5.478298664093018,6.692407608032227
1,-0.8845700621604919,0.0,-0.6361008286476135,4.90000057220459,80.00000762939453,0.0,0.0,4.030339241027832,5.519620895385742
1,-0.6491227746009827,0.0,-0.9202460050582886,5.0,23.499998092651367,0.0,0.0,1.7917594909667969,4.798972129821777
0,0.5355225205421448,0.7522857189178467,-0.7161687612533569,69.93000030517578,21.152997970581055,5.245338439941406,3.3204572200775146,5.379298210144043,7.174911975860596
0,-0.06976743787527084,-0.06976743787527084,0.287483811378479,10.000000953674316,11.500000953674316,2.397895336151123,2.525728702545166,5.6277079582214355,5.038963794708252
1,-0.022222263738512993,-0.02364923804998398,-0.0854606106877327,11.0,11.500000953674316,8.058932304382324,8.10622501373291,8.061111450195312,8.232400894165039
1,0.9181585907936096,0.11016691476106644,-0.11907302588224411,187.50001525878906,8.0,5.951579570770264,5.730991840362549,5.969309329986572,6.2080464363098145
0,-0.7386273145675659,0.0,-0.6233069896697998,44.5,296.00994873046875,0.0,0.0,4.244056224822998,5.693765640258789
1,-0.21212123334407806,0.0,-0.2838077247142792,1.2999999523162842,2.0,0.0,0.0,3.889476776123047,4.464028358459473
1,-0.8248174786567688,0.0,-0.28535133600234985,0.8400000333786011,8.749999046325684,0.0,0.0,5.660231590270996,6.245680809020996
1,0.25555169582366943,0.0,-0.37305083870887756,17.809999465942383,10.559998512268066,0.0,0.0,5.626251220703125,6.408216953277588
1,-0.944444477558136,0.0,-0.8366683721542358,27.999998092651367,980.000244140625,0.0,0.0,4.479036331176758,6.888572692871094
1,0.9424624443054199,-0.034231774508953094,-0.3219086527824402,2531.993896484375,75.0,7.914615631103516,7.983081817626953,7.929451942443848,8.596826553344727
1,0.14529913663864136,0.0,-0.990384042263031,4.690000057220459,3.5,0.0,0.0,1.7387102842330933,6.879119396209717
1,0.9324573278427124,0.9324573278427124,-0.19462473690509796,6215.45361328125,217.24081420898438,8.734954833984375,5.385599136352539,8.799362182617188,9.193592071533203
0,-0.010988910682499409,0.15406589210033417,-0.27801501750946045,900.0001220703125,919.9999389648438,7.135775089263916,6.825459957122803,7.371910095214844,7.942695617675781
1,0.6994704008102417,0.0,-0.7322301268577576,152.40003967285156,26.94999885559082,0.0,0.0,5.198552131652832,7.06090784072876
0,-0.01587301678955555,0.5878219604492188,-0.00812157616019249,309.9999694824219,319.9999694824219,7.548197269439697,6.20103645324707,8.225605010986328,8.241844177246094
1,-0.3750000596046448,0.0,-0.9939305782318115,50.0,110.00001525878906,0.0,0.0,3.9731180667877197,9.748786926269531
1,-0.0909091904759407,-0.0909091904759407,-0.4161895513534546,157.49996948242188,189.0,5.065754413604736,5.247024059295654,5.286649227142334,6.169820308685303
1,0.7154470682144165,0.0,-0.9998758435249329,2.109999895095825,0.3500000238418579,0.0,0.0,1.1346226930618286,10.433354377746582
1,-0.34073105454444885,-0.3322523534297943,-0.9947203397750854,20.19999885559082,41.07999801635742,3.072230100631714,3.739572525024414,3.072230100631714,8.95932388305664
1,-0.24292944371700287,-0.24292944371700287,-0.3900567293167114,210.0,344.76995849609375,5.351858139038086,5.845773696899414,5.928737640380859,6.7509765625
1,-0.19047625362873077,0.0,-0.6648527383804321,170.0,250.00003051757812,0.0,0.0,5.267752647399902,6.866548538208008
1,-0.222643181681633,-0.222643181681633,-0.5103620886802673,127.16001892089844,199.9999542236328,4.8532795906066895,5.303304672241211,5.721917152404785,6.8461408615112305
0,-0.6695652008056641,0.0,-0.6685590744018555,10.449999809265137,52.79999542236328,0.0,0.0,4.525233745574951,6.132781505584717
1,-0.9597369432449341,0.0,-0.9952990412712097,0.30000001192092896,14.601999282836914,0.0,0.0,0.26236429810523987,4.854639053344727
1,-0.692307710647583,0.0,-0.997338593006134,0.5,2.750000238418579,0.0,0.0,0.4700036346912384,6.112112522125244
1,-0.2132822573184967,0.0,-0.9703972935676575,3.0799999237060547,4.75,0.0,0.0,2.0001142024993896,6.055190563201904
1,0.947283923625946,0.9510807991027832,-0.1481136977672577,1655.8507080078125,44.826595306396484,7.489328861236572,3.824864625930786,7.492627143859863,7.790905952453613
1,0.946723997592926,0.946723997592926,-0.13161280751228333,2571.357666015625,70.37030029296875,7.852578163146973,4.267881870269775,7.855997085571289,8.120668411254883
1,-0.44444453716278076,0.0,-0.9490094184875488,2.499999761581421,6.500000476837158,0.0,0.0,1.401158332824707,4.770330905914307
1,-0.4683237671852112,0.0,-0.7237861752510071,18.304203033447266,50.550498962402344,0.0,0.0,3.754765510559082,5.5660176277160645
1,-0.3333333134651184,0.0,-0.7449629902839661,9.500000953674316,19.0,0.0,0.0,4.196588516235352,6.1067376136779785
1,-0.9390212893486023,-0.9544947743415833,-0.07455675303936005,29.246801376342773,930.0000610351562,3.409390449523926,7.136626720428467,7.0877509117126465,7.237025737762451
0,-0.9993778467178345,-0.9994868040084839,-0.15484800934791565,0.41359999775886536,1329.0498046875,0.3461396396160126,7.385410785675049,7.193356037139893,7.505362033843994
1,0.6030534505844116,0.0,-0.25084978342056274,52.500003814697266,13.000000953674316,0.0,0.0,3.9941558837890625,4.499378204345703
0,0.3787497580051422,0.47366106510162354,0.07437746226787567,6650.55908203125,2996.67236328125,9.104531288146973,8.07517147064209,9.302924156188965,9.153908729553223
1,0.6727622747421265,0.0,-0.9612315893173218,17.37999725341797,3.4000000953674316,0.0,0.0,4.484606742858887,8.397209167480469
1,-0.33920711278915405,0.0,-0.972457766532898,4.499999523162842,9.119999885559082,0.0,0.0,2.8045594692230225,7.014329433441162
1,-0.7248183488845825,-0.2754470705986023,-0.48971182107925415,331.97576904296875,2080.80029296875,7.0758562088012695,7.640988349914551,7.237561225891113,8.308450698852539
1,-0.06445249170064926,-0.31468987464904785,-0.5936169624328613,2214.797607421875,2519.96484375,7.975216388702393,8.62653636932373,8.49522590637207,9.861538887023926
0,0.8095881938934326,0.395155668258667,0.07390357553958893,593.0159301757812,62.3994140625,8.849570274353027,8.013967514038086,9.45604133605957,9.307976722717285
0,0.5568861961364746,0.0,-0.5205994248390198,15.600000381469727,4.440000057220459,0.0,0.0,7.259166240692139,8.413007736206055
0,-0.42857158184051514,0.0,-0.9861775636672974,11.999999046325684,30.0000057220459,0.0,0.0,3.013532876968384,7.9311957359313965
0,-0.15789474546909332,-0.15789474546909332,-0.9842106103897095,80.00000762939453,110.00001525878906,4.394449234008789,4.709530353546143,4.92667293548584,9.753090858459473
0,-0.3333333730697632,-0.3333333730697632,-0.9953868985176086,40.0,80.00000762939453,3.7135720252990723,4.394449234008789,3.7864596843719482,9.83326244354248
1,0.7739872932434082,0.0,-0.011795729398727417,41.600006103515625,5.299999713897705,0.0,0.0,6.53322172164917,6.5567803382873535
0,-0.8834081292152405,0.0,-0.931690514087677,1.2999999523162842,21.000001907348633,0.0,0.0,3.895078182220459,7.217362880706787
1,-0.9885277152061462,0.0,-0.8326981067657471,0.75,130.00001525878906,0.0,0.0,3.749732494354248,6.12186861038208
1,0.17540691792964935,0.0,-0.9623917937278748,6.500000476837158,4.559999942779541,0.0,0.0,2.6748311519622803,6.559536933898926
0,-0.055971357971429825,-0.055971357971429825,-0.8612915277481079,8355.3896484375,9346.169921875,9.030781745910645,9.142828941345215,9.228084564208984,11.824645042419434
1,-0.8725000023841858,-0.83908611536026,-0.7908806204795837,199.9999542236328,2937.255615234375,5.552959442138672,7.985571384429932,7.932453632354736,10.079693794250488
1,0.0,0.0,-0.944551408290863,4.0,4.0,0.0,0.0,2.7401881217956543,6.232748508453369
1,-0.8244287967681885,0.0,-0.8354704976081848,80.00000762939453,831.3112182617188,0.0,0.0,4.440295696258545,6.841468334197998
1,-0.7138397693634033,0.0,-0.7272098660469055,11.0,65.87999725341797,0.0,0.0,5.969090938568115,7.812495708465576
1,0.2933597266674042,0.0,-0.1908257007598877,26.09999656677246,14.25999927520752,0.0,0.0,6.194478511810303,6.580212116241455
1,-0.02857140265405178,0.0,-0.9975774884223938,0.5099999904632568,0.5399999618530273,0.0,0.0,0.4121096432209015,6.043928623199463
0,0.6830646395683289,-1.0,0.22914309799671173,949.9998779296875,178.8930206298828,0.0,5.192362308502197,7.963161468505859,7.496798515319824
0,-0.44258496165275574,-0.5672687888145447,-0.0027549227233976126,330.3720397949219,854.9998779296875,5.803241729736328,7.0880279541015625,7.3995866775512695,7.405093193054199
1,-0.8195051550865173,0.0,-0.9991912245750427,0.24799999594688416,2.499999761581421,0.0,0.0,0.22154225409030914,6.419965744018555
0,0.9123137593269348,-0.5906556844711304,-0.5507360696792603,299.99932861328125,13.755998611450195,5.707108020782471,7.06198263168335,5.873867034912109,7.110742092132568
1,-0.1896970570087433,0.0,-0.9467281699180603,15.500001907348633,22.757299423217773,0.0,0.0,2.997211217880249,6.545929908752441
1,-0.9560246467590332,-0.9560246467590332,0.22401203215122223,15.0,667.2000732421875,2.7725887298583984,6.504587650299072,8.273502349853516,7.817897319793701
1,0.9039763808250427,0.9111318588256836,-0.3134099543094635,386.6500549316406,19.5,6.041093349456787,3.0204248428344727,6.789649963378906,7.43775749206543
0,0.4219113886356354,-0.565573513507843,-0.508216381072998,76.24999237060547,31.0,5.6498541831970215,6.929289817810059,7.824501991271973,8.944876670837402
0,-0.48120495676994324,0.0,-0.8726168870925903,11.500000953674316,32.833499908447266,0.0,0.0,4.509647846221924,7.1872334480285645
1,-0.04166670888662338,-1.0,0.5120967030525208,462.3000183105469,502.50006103515625,0.0,6.221583843231201,7.7023162841796875,6.572128772735596
1,0.29789865016937256,0.0,-0.7209346294403076,10.5,5.679999828338623,0.0,0.0,2.771963596343994,4.537319660186768
1,0.3879252076148987,0.5151182413101196,-0.4197106659412384,190.00003051757812,83.78998565673828,5.571469306945801,4.4401774406433105,5.819666862487793,6.712591648101807
1,0.6871615648269653,0.0,-0.7932724952697754,70.10999298095703,13.000000953674316,0.0,0.0,4.380275249481201,6.5295305252075195
1,-0.13385824859142303,0.0,-0.987626314163208,1.0999999046325684,1.4399998188018799,0.0,0.0,0.8540322184562683,5.383168697357178
1,-0.2519261837005615,-0.1498318463563919,-0.44203296303749084,120.00001525878906,200.823974609375,5.533389568328857,5.834295749664307,5.552571773529053,6.499701023101807
1,-0.06825672835111618,0.0,0.4321238398551941,700.0,802.559814453125,0.0,0.0,8.335177421569824,7.410531997680664
1,-0.08703844994306564,0.0,-0.9537045359611511,520.0000610351562,619.14990234375,0.0,0.0,7.951052188873291,11.693147659301758
1,0.40148937702178955,0.0,-0.9982885122299194,31.04999542236328,13.260002136230469,0.0,0.0,3.492255926132202,10.524056434631348
0,-0.1227940171957016,-0.04654915630817413,0.03478563204407692,4031.412841796875,5160.072265625,8.595233917236328,8.688383102416992,9.415053367614746,9.345459938049316
1,-0.11111116409301758,0.0,-0.8391387462615967,16.0,20.000001907348633,0.0,0.0,5.05687952041626,7.4875640869140625
1,-0.2694062888622284,-0.2694062888622284,-0.9413345456123352,120.00001525878906,208.49998474121094,4.795790672302246,5.344723701477051,5.976604461669922,9.473420143127441
1,-0.14868111908435822,0.20490743219852448,-0.23888275027275085,433.78204345703125,585.3003540039062,6.788951396942139,6.3738322257995605,7.728715896606445,8.215723991394043
1,-0.9854614734649658,0.0,-0.9197306632995605,1.1499998569488525,157.04940795898438,0.0,0.0,2.4132046699523926,5.498067855834961
1,-0.13360337913036346,-0.13360337913036346,-0.6739718914031982,96.29998779296875,126.0000228881836,4.577798843383789,4.844187259674072,5.353088855743408,6.985240936279297
1,-0.1389368623495102,-0.1389368623495102,-0.814469039440155,161.6000213623047,213.74996948242188,5.0912933349609375,5.369474411010742,5.505859375,7.78253173828125
1,-0.5122871398925781,0.0,-0.7520610094070435,64.50000762939453,199.9999542236328,0.0,0.0,6.45609188079834,8.410107612609863
0,-0.8258823156356812,0.0,-0.1507883369922638,92.50000762939453,969.9999389648438,0.0,0.0,6.811933994293213,7.11553955078125
1,-0.12226379662752151,-0.12226379662752151,-0.1814402937889099,1631.0008544921875,2085.379638671875,7.397562026977539,7.643185615539551,7.397562026977539,7.764317035675049
0,-0.26365628838539124,-0.17704546451568604,0.04161444306373596,216.15003967285156,370.9400329589844,5.5620269775390625,5.918732643127441,8.275493621826172,8.192238807678223
1,-0.35213786363601685,0.0,0.2353975623846054,390.0,813.9598388671875,0.0,0.0,8.338061332702637,7.858416557312012
0,0.996755838394165,-1.0,0.047146715223789215,830.0001831054688,1.3485000133514404,0.0,0.8537768125534058,8.016736030578613,7.922405242919922
0,-0.12391909211874008,0.017629224807024002,-0.0002464166609570384,608.0001220703125,779.9998168945312,6.6957926750183105,6.660574913024902,7.6444478034973145,7.644940376281738
1,-0.9828156232833862,0.0,-0.48078516125679016,3.9000000953674316,450.0,0.0,0.0,6.662438869476318,7.70961856842041
0,-0.005218466743826866,0.0,-0.2280694842338562,106.75001525878906,107.87000274658203,0.0,0.0,6.624435901641846,7.088246822357178
1,-0.9032982587814331,0.0,-0.31108781695365906,2.8000001907348633,55.110008239746094,0.0,0.0,5.777897357940674,6.419926166534424
1,-0.24137912690639496,0.0,-0.6662418842315674,110.00001525878906,179.9999542236328,0.0,0.0,4.718945503234863,6.319692611694336
1,0.4000001549720764,-0.06045357137918472,-0.13106755912303925,299.9991760253906,128.57102966308594,8.849020004272461,8.97005844116211,8.906271934509277,9.169892311096191
1,0.00280784978531301,0.0,-0.7536749243736267,50.0,49.720001220703125,0.0,0.0,4.085808277130127,6.03407096862793
1,-0.3750000596046448,0.0,-0.7558683156967163,50.0,110.00001525878906,0.0,0.0,3.9731180667877197,5.929797649383545
1,0.2215569168329239,0.0,-0.36710575222969055,5.100000381469727,3.25,0.0,0.0,7.5046000480651855,8.274452209472656
1,0.9339242577552795,0.0,-0.34075847268104553,300.0000305175781,10.250000953674316,0.0,0.0,6.245734214782715,6.954648971557617
1,-0.9663142561912537,0.0,-0.9973326325416565,2.5199999809265137,147.09849548339844,0.0,0.0,1.8165820837020874,8.25791072845459
0,-0.54666668176651,0.0,-0.859599769115448,170.0,580.0000610351562,0.0,0.0,5.346529483795166,7.925734519958496
1,-0.17272736132144928,0.0,-0.2581941783428192,181.99996948242188,258.0,0.0,0.0,8.008365631103516,8.536574363708496
1,-0.9396191835403442,0.0,-0.7399742603302002,1.2999999523162842,41.7599983215332,0.0,0.0,5.782835960388184,7.681057929992676
0,0.3252686560153961,0.0,0.6626029014587402,299.9975891113281,152.73716735839844,0.0,0.0,8.16723918914795,6.573474407196045
1,-0.7955341339111328,0.0,-0.9521974325180054,24.999998092651367,219.53958129882812,0.0,0.0,3.5675392150878906,7.249250888824463
0,-0.04477616399526596,0.0,-0.6568705439567566,639.9999389648438,700.0,0.0,0.0,7.337586879730225,8.911648750305176
1,-0.9003831744194031,0.0,-0.7437557578086853,0.6499999761581421,12.399999618530273,0.0,0.0,4.950742244720459,6.862351417541504
0,-0.8854859471321106,0.0,-0.35712289810180664,2.1500003337860107,35.39999771118164,0.0,0.0,6.258720874786377,7.004881858825684
1,-0.07779615372419357,0.0,-0.4155619144439697,390.0,455.79998779296875,0.0,0.0,6.533653259277344,7.417430400848389
1,-0.9392127394676208,0.0,-0.9844608902931213,2.4000003337860107,76.56399536132812,0.0,0.0,2.231067657470703,6.968120574951172
1,-0.33333349227905273,0.0,-0.9218911528587341,59.9999885559082,120.00001525878906,0.0,0.0,4.154184341430664,7.341969966888428
0,0.8027641773223877,0.8147541880607605,-0.19134066998958588,6090.0732421875,666.29931640625,8.80881118774414,6.528102874755859,9.144872665405273,9.532295227050781
1,-0.9315143823623657,-0.9463907480239868,-0.9152589440345764,6.546399116516113,184.62962341308594,2.0210704803466797,5.475124359130859,3.4003303050994873,6.485932350158691
0,-0.960784375667572,0.0,-0.9999457001686096,0.05999999865889549,3.0,0.0,0.0,0.48242002725601196,10.035065650939941
1,-0.13207541406154633,-0.05270105600357056,-0.14673654735088348,184.00003051757812,240.00001525878906,5.623873233795166,5.729011535644531,8.09941577911377,8.39494514465332
1,-0.4116002321243286,0.0,-0.9860366582870483,2.2100000381469727,5.3018999099731445,0.0,0.0,1.3376291990280151,5.993143081665039
1,0.7756314873695374,-0.10333139449357986,-0.14095914363861084,1165.500244140625,147.27239990234375,7.061763286590576,7.26900577545166,7.065314769744873,7.348911762237549
0,-0.285714328289032,0.0,-0.9996230602264404,2.1999998092651367,3.9600000381469727,0.0,0.0,2.8986430168151855,11.41825008392334
1,0.42824503779411316,0.5072847604751587,0.13032294809818268,479.9999084472656,192.15354919433594,6.573371410369873,5.458110332489014,7.131289482116699,6.869392395019531
1,-0.9894114136695862,-0.9904651045799255,-0.02114070951938629,36.71999740600586,6899.076171875,3.630190372467041,8.944625854492188,8.909465789794922,8.95174789428711
1,-0.889885663986206,-0.889885663986206,-0.8419548273086548,199.9999542236328,3432.588623046875,5.303304672241211,8.141361236572266,7.975527763366699,10.430914878845215
1,-0.9938651323318481,0.0,-0.7953779697418213,0.3999999761581421,130.00001525878906,0.0,0.0,3.11395525932312,5.245604515075684
1,-0.41176480054855347,0.0,-0.6891980171203613,99.99999237060547,240.00001525878906,0.0,0.0,4.619072914123535,6.3038458824157715
1,-0.19047625362873077,0.0,-0.46884459257125854,170.0,250.00003051757812,0.0,0.0,5.1915669441223145,6.205185890197754
1,-0.13636353611946106,-0.3965940773487091,-0.30192551016807556,152.0,199.9999542236328,5.03043794631958,5.865920543670654,5.773642539978027,6.395473480224609
0,-0.2153007835149765,-0.20895878970623016,-0.2630777060985565,4139.0634765625,6410.36328125,8.359910011291504,8.7839937210083,8.654736518859863,9.193488121032715
1,-0.9794816970825195,-0.2238062471151352,-0.2227907031774521,1.750000238418579,168.82920837402344,5.837001323699951,6.291252613067627,6.733192443847656,7.185939788818359
0,-0.027932962402701378,0.0,0.08655385673046112,869.9999389648438,919.9999389648438,0.0,0.0,7.799976348876953,7.626512050628662
1,0.7058823704719543,0.0,-0.9588980078697205,14.499999046325684,2.499999761581421,0.0,0.0,3.13374924659729,6.954257011413574
1,-0.1111111044883728,0.0,-0.7760551571846008,10.000000953674316,12.500000953674316,0.0,0.0,4.09714412689209,6.153263092041016
1,0.6461291909217834,0.6461291909217834,-0.024050960317254066,569.999755859375,122.53369903564453,6.347388744354248,4.816514015197754,6.972708225250244,7.020775318145752
1,-0.07206741720438004,-0.07206741720438004,-0.6899923086166382,185.21998596191406,213.99002075195312,5.2269287109375,5.370591640472412,5.609287261962891,7.302173137664795
1,-0.026316950097680092,0.3773667514324188,-0.058684300631284714,1742.82568359375,1837.0367431640625,8.310126304626465,7.516453266143799,8.315971374511719,8.43344783782959
0,0.3581780791282654,0.0,-0.5771305561065674,9.840001106262207,4.650000095367432,0.0,0.0,2.9428482055664062,4.219801902770996
0,-0.8974255919456482,0.0,-0.42270660400390625,3.8499999046325684,71.21741485595703,0.0,0.0,4.525553226470947,5.421063423156738
1,-0.6216216087341309,0.0,-0.9993859529495239,0.42000001668930054,1.8000001907348633,0.0,0.0,0.3506568968296051,7.221609115600586
1,-0.896776556968689,0.0,-0.5535011291503906,1.5399999618530273,28.298198699951172,0.0,0.0,2.7245728969573975,3.9235482215881348
1,-0.8471337556838989,0.0,-0.9995216131210327,0.11999999731779099,1.4500000476837158,0.0,0.0,0.4982084035873413,7.901004791259766
0,-0.7397230863571167,-0.05609726905822754,-0.8773051500320435,304.907958984375,2038.0430908203125,7.507981777191162,7.620235919952393,7.5121049880981445,10.239486694335938
0,0.8150845766067505,0.0,0.9397164583206177,109.54380798339844,11.159998893737793,0.0,0.0,6.236996173858643,2.824943780899048
1,-0.23529407382011414,0.0,-0.5089625716209412,130.00001525878906,210.0,0.0,0.0,4.893726825714111,6.011316299438477
1,-0.24942955374717712,0.0,-0.9911860823631287,3.75,6.2423996925354,0.0,0.0,2.1494338512420654,7.4462432861328125
1,-0.06206895783543587,0.0,-0.9058095216751099,34.000003814697266,38.500003814697266,0.0,0.0,3.764585256576538,6.749650478363037
0,0.26257702708244324,-0.17320455610752106,-0.04326385632157326,12400.51953125,7242.66943359375,9.487329483032227,9.837244033813477,9.851571083068848,9.938148498535156
0,-0.2595391869544983,0.0,-0.1781647503376007,2.498499870300293,4.25,0.0,0.0,1.9407683610916138,2.2565412521362305
1,-0.2999999523162842,0.0,-0.776645839214325,70.00001525878906,130.00001525878906,0.0,0.0,4.315886974334717,6.377866268157959
1,0.3205842673778534,0.27829164266586304,-0.07354114949703217,583.110107421875,299.9991760253906,6.446656227111816,5.876219749450684,7.063704967498779,7.210936069488525
1,0.7987096905708313,0.7987096905708313,-0.11944155395030975,6970.00048828125,779.9998168945312,8.84951400756836,6.660574913024902,8.965916633605957,9.205918312072754
0,-0.34644877910614014,-0.3987313508987427,0.01345486007630825,2539.543212890625,5231.9765625,7.9481329917907715,8.792210578918457,9.321210861206055,9.294301986694336
1,-0.3504272401332855,0.0,0.007399962283670902,380.00006103515625,789.9999389648438,0.0,0.0,7.9354119300842285,7.92061710357666
1,0.9842494130134583,0.9224267601966858,-0.07181831449270248,4654.60205078125,36.94739532470703,8.445826530456543,5.240801811218262,8.607091903686523,8.750951766967773
1,-0.9828116297721863,0.0,-0.7192842364311218,1.4000000953674316,161.50003051757812,0.0,0.0,4.864219665527344,6.6700615882873535
1,-0.9491152167320251,-0.9494522213935852,-0.09081117063760757,23.199996948242188,888.6644897460938,3.186352491378784,6.79765510559082,8.046205520629883,8.228276252746582
1,0.7226133942604065,-0.7521452307701111,-0.102289117872715,413.99993896484375,66.66500091552734,6.028278350830078,7.981960773468018,7.858701229095459,8.063925743103027
0,-0.6491277813911438,-0.7894769906997681,-0.29516124725341797,199.9965057373047,939.999755859375,5.303287506103516,7.438971519470215,7.044037342071533,7.6520609855651855
1,0.8435168266296387,0.8671059608459473,-0.01598132587969303,2456.001220703125,208.47271728515625,7.982741832733154,5.344593524932861,7.9908246994018555,8.02277946472168
1,-0.9130434393882751,0.0,-0.8972731232643127,1.2000000476837158,26.400001525878906,0.0,0.0,3.4407546520233154,6.326079368591309
1,-0.6652789115905762,0.0,-0.9006215333938599,20.100000381469727,99.99999237060547,0.0,0.0,3.0786938667297363,5.98510217666626
1,0.05262873321771622,0.651286244392395,-0.07397670298814774,299.9983215332031,270.0000305175781,7.513162612915039,5.960141181945801,7.627338886260986,7.775496006011963
0,-0.21053102612495422,-0.15084250271320343,0.07160544395446777,299.9970397949219,460.0,6.285457134246826,6.588973522186279,7.231482028961182,7.088137149810791
1,0.6970726251602173,0.0,-0.9573343396186829,20.000001907348633,3.5699996948242188,0.0,0.0,3.044522523880005,6.822766304016113
0,0.9901185631752014,0.0,0.47741881012916565,845.8800048828125,4.199999809265137,0.0,0.0,8.666340827941895,7.627384185791016
1,-0.7317419052124023,-0.33058464527130127,-0.40032121539115906,410.9561462402344,2652.9296875,7.84726095199585,8.534035682678223,7.9750566482543945,8.822922706604004
1,0.6949602365493774,0.6949602365493774,-0.15694847702980042,1278.0001220703125,229.99998474121094,7.153833866119385,5.442417621612549,7.298275947570801,7.61460542678833
0,-0.5384611487388611,0.0,-0.5588387846946716,300.0000305175781,999.9990844726562,0.0,0.0,5.8358964920043945,7.096086025238037
0,-0.46000534296035767,0.0,-0.3449002206325531,299.99560546875,811.1101684570312,0.0,0.0,6.262176513671875,6.980485439300537
0,-0.9675597548484802,-0.9675597548484802,-0.6527356505393982,89.3570785522461,5419.66015625,4.503769397735596,8.597972869873047,8.601120948791504,10.161076545715332
1,0.2443067729473114,0.2443067729473114,-0.4253980815410614,370.3690490722656,224.9327850341797,5.917196273803711,5.4202375411987305,6.6595139503479,7.567277431488037
1,-0.40421560406684875,0.2771727442741394,-0.06965193152427673,2799.59521484375,6598.4189453125,9.36390495300293,8.794736862182617,9.372328758239746,9.511847496032715
0,-0.06666667759418488,0.0,0.3369857668876648,839.9998779296875,959.9998779296875,0.0,0.0,7.778879165649414,7.077928066253662
0,0.32062697410583496,-0.04852811619639397,-0.08756764233112335,10928.7421875,5622.0966796875,9.299242973327637,9.396367073059082,9.383980751037598,9.559552192687988
1,0.8538618087768555,0.8538618087768555,-0.13662613928318024,2537.134765625,199.9999542236328,7.839184761047363,5.303304672241211,7.86534309387207,8.140222549438477
1,0.9230769872665405,0.0,-0.7251614332199097,10.000000953674316,0.3999999761581421,0.0,0.0,2.397895336151123,4.155282974243164
1,-0.9417475461959839,0.0,-0.9220532178878784,4.499999523162842,149.99996948242188,0.0,0.0,4.213311672210693,7.404135227203369
0,-0.8479408621788025,0.0,-0.7633597254753113,4.319999694824219,52.500003814697266,0.0,0.0,2.811779260635376,4.766778945922852
1,-0.12090881913900375,-0.12090881913900375,-0.6072125434875488,130.00001525878906,165.760009765625,4.875197410583496,5.116555690765381,5.109333515167236,6.513747215270996
1,-0.46377792954444885,0.0,-0.7551593780517578,3.9600000381469727,10.8100004196167,0.0,0.0,4.455971717834473,6.415639400482178
1,-0.5754189491271973,0.0,-0.8866389989852905,3.8000001907348633,14.100000381469727,0.0,0.0,5.14952278137207,7.956028461456299
0,0.6501706838607788,0.6980185508728027,0.14862655103206635,797.1390991210938,168.9901885986328,6.857744216918945,5.135740756988525,8.351150512695312,8.051761627197266
1,-0.5495495200157166,0.0,-0.8957639932632446,5.940000057220459,20.4335994720459,0.0,0.0,2.9019434452056885,5.74937105178833
1,-0.11111102998256683,-0.11111102998256683,-0.8067914843559265,80.00000762939453,99.99999237060547,4.394449234008789,4.6151204109191895,4.394449234008789,6.618900299072266
1,-0.2777777314186096,0.0,-0.9948663711547852,0.6499999761581421,1.1499998569488525,0.0,0.0,1.763016939163208,7.537888050079346
0,0.09209991246461868,0.1066627949476242,0.07953435182571411,8709.66796875,7240.6455078125,9.643987655639648,9.429862976074219,9.653091430664062,9.493697166442871
1,0.9182003736495972,0.0,-0.5600712299346924,70.34999084472656,3.0,0.0,0.0,5.5760626792907715,6.8392133712768555
1,-0.05693494901061058,1.0,-0.141524076461792,373.68011474609375,418.7999267578125,5.926072597503662,0.0,6.873101711273193,7.157805919647217
1,0.07068269699811935,0.07068269699811935,-0.42834627628326416,195.85997009277344,170.0,5.282492637634277,5.141663551330566,5.347916603088379,6.26079797744751
1,0.9052132964134216,0.0,-0.9720907211303711,10.05000114440918,0.5,0.0,0.0,2.402430534362793,6.566869258880615
1,0.9626168608665466,0.0,-0.8827285170555115,21.000001907348633,0.3999999761581421,0.0,0.0,3.2924981117248535,6.033016204833984
0,-0.14285719394683838,-0.175395667552948,-0.3107184171676636,1.0199999809265137,1.3600001335144043,6.866954326629639,7.221099853515625,6.873309135437012,7.515499114990234
1,0.9014692902565002,-0.015683144330978394,-0.07096552103757858,549.9999389648438,28.500001907348633,8.66612720489502,8.697490692138672,8.842219352722168,8.984370231628418
1,-0.8242531418800354,0.489092081785202,-0.11394546926021576,25.3799991607666,263.44451904296875,6.688492774963379,5.62114143371582,7.847702503204346,8.076507568359375
1,-0.9939074516296387,0.0,-0.6521328091621399,0.5499999523162842,179.9999542236328,0.0,0.0,5.1951212882995605,6.74873685836792
0,-0.05084748938679695,0.0,-0.2523418962955475,4.199999809265137,4.650000095367432,0.0,0.0,6.147097110748291,6.662059307098389
1,0.106099933385849,0.049219608306884766,0.08191987127065659,460.0,371.7512512207031,8.578306198120117,8.479806900024414,9.180781364440918,9.016592025756836
1,-0.8046767115592957,0.0,-0.3786852955818176,17.760000228881836,164.0923309326172,0.0,0.0,7.151945114135742,7.9485626220703125
0,0.8091793656349182,0.8091793656349182,-0.14071311056613922,2939.21923828125,310.0099182128906,7.986239433288574,5.7398247718811035,8.033249855041504,8.316475868225098
1,-0.7762810587882996,0.008575811050832272,-0.36506912112236023,18.0,142.91619873046875,7.829071998596191,7.81192684173584,7.974720478057861,8.739980697631836
0,0.3164730370044708,0.0,0.4308895170688629,91.48501586914062,47.500003814697266,0.0,0.0,6.162877082824707,5.244084358215332
0,-0.013513410463929176,-0.06637336313724518,-0.09875985234975815,36.500003814697266,37.499996185302734,8.411276817321777,8.544191360473633,8.414834022521973,8.612959861755371
0,0.2387097328901291,0.0,-0.4556106925010681,4.800000190734863,2.9499998092651367,0.0,0.0,6.712275505065918,7.695030212402344
1,-0.8333332538604736,0.0,-0.9994922280311584,0.04999999701976776,0.5499999523162842,0.0,0.0,0.048790160566568375,5.2877631187438965
1,-0.12000015377998352,-0.12000015377998352,-0.9453659653663635,111.64999389648438,142.10003662109375,4.72428560256958,4.963543891906738,5.505249977111816,9.073837280273438
1,-0.7749667763710022,-0.7749667763710022,-0.23389266431331635,210.0,1656.3912353515625,5.351858139038086,7.413000106811523,7.375311851501465,7.851681232452393
1,0.9658703207969666,0.0,-0.9504056572914124,28.799999237060547,0.5,0.0,0.0,3.4131226539611816,7.052409648895264
1,-0.05217115953564644,1.0,-0.5025807023048401,1407.99951171875,1563.0,7.250635147094727,0.0,7.282045841217041,8.387091636657715
0,0.18620695173740387,0.0,-0.9006019830703735,4.300000190734863,2.9499998092651367,0.0,0.0,2.347529888153076,5.203347682952881
1,-0.3749999701976776,0.0,-0.8477861881256104,0.5,1.0999999046325684,0.0,0.0,4.011104106903076,6.490799903869629
0,-0.0728476494550705,0.0,-0.8201289772987366,3.5,4.049999713897705,0.0,0.0,5.243112564086914,7.552762031555176
1,-0.21311476826667786,0.0,-0.9850104451179504,2.3999998569488525,3.6999998092651367,0.0,0.0,1.776628851890564,6.478817939758301
1,0.3064955472946167,0.3064955472946167,-0.7939298748970032,159.99996948242188,84.93001556396484,5.081404209136963,4.453533172607422,5.820187568664551,7.981504917144775
0,-0.06060609593987465,1.0,-0.23356515169143677,4.650000095367432,5.250000476837158,1.7316555976867676,0.0,7.028408050537109,7.503986358642578
1,0.19953148066997528,0.20679011940956116,-0.09010075032711029,3079.83544921875,2055.228515625,8.533594131469727,8.114065170288086,8.773587226867676,8.954253196716309
0,-0.4042903780937195,-0.32811540365219116,-0.7312832474708557,3271.661865234375,7712.42041015625,8.269413948059082,8.950716972351074,9.103374481201172,10.966240882873535
1,-0.8580254316329956,-0.7498031854629517,-0.08639265596866608,409.60003662109375,5360.4482421875,6.6545329093933105,8.59843921661377,8.793704986572266,8.966897964477539
1,0.5360613465309143,0.5376366972923279,-0.5139134526252747,112.71810913085938,34.04439926147461,4.738110065460205,3.5566158294677734,5.844436168670654,6.978534698486328
1,-0.8269896507263184,0.0,-0.9980847239494324,2.499999761581421,26.400001525878906,0.0,0.0,1.2527629137039185,7.866758823394775
1,-0.19266055524349213,0.8385525941848755,-0.1266935169696808,88.00000762939453,130.00001525878906,7.300764083862305,4.875197410583496,7.3603339195251465,7.6149468421936035
1,-0.06535501778125763,0.0,-0.9731577038764954,10.000000953674316,11.398500442504883,0.0,0.0,2.4535880088806152,6.66237211227417
1,0.6673597097396851,0.6673597097396851,-0.2879329025745392,801.9998168945312,159.99996948242188,6.6883544921875,5.081404209136963,6.828116416931152,7.420253753662109
1,-0.9430820345878601,0.0,-0.9591990113258362,13.739999771118164,469.0599060058594,0.0,0.0,3.565864086151123,7.409374713897705
1,-0.8745561242103577,0.0,-0.7782008647918701,2.6500000953674316,39.599998474121094,0.0,0.0,1.7816081047058105,3.703768014907837
1,-0.6714848279953003,0.0,-0.9981099963188171,2.499999761581421,12.719998359680176,0.0,0.0,1.2527629137039185,7.8800482749938965
0,-0.3684210479259491,-0.3684210479259491,-0.5988048315048218,18.0,39.0,2.944438934326172,3.6888794898986816,6.48041296005249,7.861827373504639
1,0.44001078605651855,-0.2206176519393921,-0.048259228467941284,199.999755859375,77.77560424804688,8.24835205078125,8.696867942810059,8.60705280303955,8.703629493713379
1,-0.8595167398452759,-0.004254080355167389,-0.4411054253578186,266.6650695800781,3529.730224609375,8.160754203796387,8.169260025024414,8.200124740600586,9.147161483764648
1,-0.9578059315681458,0.0,-0.9806424379348755,0.75,34.79999923706055,0.0,0.0,2.9906795024871826,7.5677289962768555
1,-0.9886625409126282,-0.0690041184425354,-0.2206919938325882,7.379999160766602,1294.500244140625,7.028538703918457,7.166652202606201,7.035717964172363,7.484166622161865
1,-0.7333332896232605,0.0,-0.9965057373046875,0.09999999403953552,0.6499999761581421,0.0,0.0,0.43178239464759827,5.73508882522583
1,-0.8518518209457397,0.0,-0.9828810691833496,0.30000001192092896,3.75,0.0,0.0,1.4515670537948608,5.939487934112549
1,-0.8150087594985962,0.0,-0.6355279684066772,2.6499996185302734,26.000001907348633,0.0,0.0,4.059054374694824,5.546816825866699
1,0.5097024440765381,-0.28142428398132324,-0.3065364360809326,731.6074829101562,237.60003662109375,8.627300262451172,9.20567798614502,9.319284439086914,9.952678680419922
0,-0.767441987991333,0.0,-0.9803460240364075,14.39999771118164,109.44001770019531,0.0,0.0,6.853372573852539,11.465073585510254
1,-0.8979867100715637,0.0,-0.9662916660308838,1.7000000476837158,31.628997802734375,0.0,0.0,4.267735958099365,8.320025444030762
1,-0.8959128260612488,-0.8959128260612488,-0.22843700647354126,67.83000946044922,1235.4998779296875,4.231639862060547,7.120039939880371,6.998244285583496,7.462984085083008
1,-0.9954879879951477,1.0,-0.9228871464729309,2.6600000858306885,1176.4315185546875,1.2974631786346436,0.0,4.028204917907715,7.227278709411621
1,0.01099396962672472,0.01099396962672472,0.017551442608237267,4722.99951171875,4620.27978515625,8.460411071777344,8.438426971435547,8.607684135437012,8.57258415222168
0,-0.0769231766462326,0.0,-0.07985134422779083,35.999996185302734,42.000003814697266,0.0,0.0,5.870482444763184,6.030108451843262
1,-0.9143315553665161,-0.9803996086120605,-0.21579302847385406,50.0,1117.2911376953125,3.931825637817383,8.527726173400879,8.969097137451172,9.407530784606934
1,-0.17681673169136047,-0.17681673169136047,-0.620288074016571,55.96000289916992,80.00000762939453,4.042349338531494,4.394449234008789,4.0911712646484375,5.529233455657959
1,-0.8456234335899353,0.0,-0.9883784651756287,3.0,35.86600112915039,0.0,0.0,1.6841742992401123,6.622418403625488
1,0.973929226398468,0.0,-0.893831729888916,53.000003814697266,0.6999999284744263,0.0,0.0,4.363430023193359,7.232668399810791
1,0.06976745277643204,0.06976745277643204,-0.6171191930770874,217.35000610351562,189.0,5.386099338531494,5.247024059295654,5.553383827209473,6.991100311279297
1,-0.6215037107467651,0.0,-0.9797049164772034,4.719999313354492,20.220796585083008,0.0,0.0,1.7439687252044678,6.134303092956543
1,-0.911111056804657,0.0,-0.9130356907844543,12.420001029968262,267.02996826171875,0.0,0.0,2.806380033493042,5.837922096252441
0,-0.24812036752700806,0.0,-0.9946670532226562,2.499999761581421,4.150000095367432,0.0,0.0,1.4182772636413574,7.066216468811035
1,0.6223176717758179,0.0,-0.9591927528381348,18.900001525878906,4.400000095367432,0.0,0.0,3.774139165878296,7.622830390930176
1,-0.23449185490608215,0.0,-0.8984711170196533,3.4800000190734863,5.611999988555908,0.0,0.0,4.4277167320251465,7.3448100090026855
1,-0.8025317192077637,0.0,-0.7248473763465881,19.5,178.0000457763672,0.0,0.0,3.3808274269104004,5.1873860359191895
0,0.8885261416435242,0.0,-0.24402102828025818,592.949951171875,35.0,0.0,0.0,6.408659934997559,6.90610408782959
0,0.8171745538711548,0.7204164862632751,-0.1262967735528946,6560.0009765625,660.0000610351562,8.788898468017578,6.972662925720215,8.887364387512207,9.14128303527832
0,-0.17391303181648254,0.0,-0.8972132802009583,2.8499999046325684,4.049999713897705,0.0,0.0,4.695282459259033,7.602087020874023
1,0.8243617415428162,0.8243617415428162,-0.318732351064682,2053.0,197.65017700195312,7.627544403076172,5.291545391082764,7.646893501281738,8.307133674621582
1,-0.8969071507453918,0.0,-0.9801297187805176,4.049999713897705,74.52000427246094,0.0,0.0,2.0386195182800293,6.502310752868652
1,0.4046306610107422,0.0,-0.5786731839179993,6.369999885559082,2.700000047683716,0.0,0.0,7.393820762634277,8.714301109313965
1,0.6173617839813232,0.6173617839813232,-0.9111698269844055,48.6089973449707,11.500000953674316,3.90417218208313,2.525728702545166,4.3325934410095215,7.388735771179199
0,-0.9309417009353638,0.0,-0.9660870432853699,2.499999761581421,69.9026107788086,0.0,0.0,1.4182531833648682,5.2064995765686035
1,-0.39705875515937805,0.0,0.6104942560195923,410.0000305175781,949.9998779296875,0.0,0.0,8.34384536743164,6.925172805786133
1,0.948799729347229,0.0,-0.9923503994941711,110.00001525878906,2.890000104904175,0.0,0.0,5.1546783447265625,10.71131706237793
1,0.5160861015319824,0.5160861015319824,-0.7204158306121826,101.99999237060547,32.5569953918457,4.634728908538818,3.5132453441619873,4.8146843910217285,6.624886989593506
1,-0.9342193603515625,-0.21247343719005585,0.023092102259397507,199.999755859375,5880.8154296875,8.248191833496094,8.679620742797852,8.97319507598877,8.927008628845215
1,0.32876238226890564,0.0,-0.9896214604377747,7.5,3.7887001037597656,0.0,0.0,2.56339430809021,7.739612102508545
0,-0.905925452709198,-0.8971178531646729,-0.9553080201148987,38.500003814697266,779.9998168945312,3.7681527137756348,6.660574913024902,4.157779216766357,7.920886039733887
0,0.6607795357704163,0.0,-0.4648851454257965,13.000000953674316,2.655299663543701,0.0,0.0,5.366427421569824,6.370509147644043
1,-0.8757942914962769,-0.8757942914962769,0.1739952266216278,48.79000473022461,736.8416748046875,3.9078142642974854,6.603729248046875,8.85372257232666,8.502215385437012
1,0.4093264937400818,0.4093264937400818,-0.35761162638664246,352.2400817871094,147.6300048828125,5.867147922515869,5.001460075378418,6.284637928009033,7.031944274902344
1,-0.5357143878936768,0.0,-0.9603782892227173,0.6499999761581421,2.1500003337860107,0.0,0.0,1.5644195079803467,5.23654842376709
1,0.904502272605896,0.904502272605896,-0.9501737952232361,5697.90478515625,285.7110595703125,8.648029327392578,5.658474922180176,8.68252182006836,12.34949016571045
1,-0.9065421223640442,0.0,-0.7494078278541565,0.8999999761581421,18.360000610351562,0.0,0.0,2.5974464416503906,4.474729061126709
1,-0.1246817409992218,1.0,-0.178775817155838,1281.999755859375,1647.219970703125,7.156956195831299,0.0,7.157836437225342,7.519035816192627
1,0.23977187275886536,0.0,-0.8800687789916992,5.250000476837158,3.2193002700805664,0.0,0.0,5.9567694664001465,8.706488609313965
0,-0.3821137845516205,0.0,-0.9419558644294739,19.0,42.499996185302734,0.0,0.0,3.3021061420440674,6.775994777679443
0,-0.8532617092132568,-0.7619000673294067,0.2050238847732544,10.200000762939453,128.82298278808594,6.296329975128174,8.296192169189453,9.605497360229492,9.189589500427246
1,0.6010081171989441,0.6535026431083679,0.057169657200574875,1300.927734375,324.20794677734375,8.471367835998535,6.90938138961792,9.241899490356445,9.127447128295898
0,-0.7241718769073486,0.0,-0.6860407590866089,2.7995996475219727,17.499998092651367,0.0,0.0,5.13693380355835,6.813015937805176
0,-0.7240729331970215,0.0,-0.9758082032203674,7.5,46.8621940612793,0.0,0.0,3.0093390941619873,7.3621134757995605
1,-0.9358125925064087,0.0,-0.9991280436515808,0.6299999952316284,19.0,0.0,0.0,0.48858001828193665,7.276176452636719
1,0.985781729221344,0.16314195096492767,0.12309544533491135,2583.78125,18.499998092651367,8.892701148986816,8.563529014587402,8.910263061523438,8.66285514831543
1,-0.9674355983734131,0.0,-0.9944151043891907,0.9599999189376831,58.000003814697266,0.0,0.0,2.7040421962738037,8.512995719909668
1,0.30350327491760254,0.013969667255878448,-0.049539487808942795,500.0000305175781,267.1634216308594,8.617852210998535,8.589916229248047,8.618249893188477,8.717392921447754
0,0.8397108316421509,0.7226671576499939,-0.08092614263296127,8772.998046875,764.3681640625,9.079547882080078,7.253730773925781,9.107507705688477,9.269698143005371
0,-0.9111762046813965,0.005352018401026726,-0.24335405230522156,40.99180221557617,882.0,6.794017314910889,6.7833251953125,7.438994884490967,7.935437202453613
0,-0.9081693887710571,-0.9081693887710571,-0.0784485787153244,38.500003814697266,800.0001220703125,3.6763007640838623,6.685861110687256,7.860511302947998,8.017675399780273
1,-0.5211267471313477,0.0,-0.873711347579956,0.8500000238418579,2.700000047683716,0.0,0.0,1.6054298877716064,4.095180988311768
0,-0.18765674531459808,1.0,0.5218331217765808,45.0,65.79060363769531,3.828641414642334,0.0,8.313432693481445,7.156256675720215
0,-0.800000011920929,0.0,-0.9988537430763245,1.0,9.0,0.0,0.0,0.717839777469635,7.513190746307373
