n,winrate,logloss,brier,auc,cal_slope,mean_p,n_odds,winrate_odds_games,mkt_winrate,logloss_vs_mkt,corr_with_mkt,bet_bets,bet_bet_rate,bet_bet_winrate,bet_flat_roi,bet_flat_pnl,bet_kelly_roi,bet_kelly_growth,bet_avg_dec,model,season,train_games
1312,0.5952743902439024,0.6631977222346906,0.2355623162313692,0.6292428992560011,0.8640526550189295,0.5413938062849422,1312,0.5952743902439024,0.6158536585365854,0.007642040447551013,0.9335878769736329,533,0.40625,0.4634146341463415,-0.09271513871200306,-49.41716893349763,-0.07019439745857262,-0.6345850481718853,2.0845729155130153,elo,2023,2603
1312,0.6158536585365854,0.6555556817871396,0.2319747733132241,0.6454260446399326,1.105565229990385,0.5323286901817916,1312,0.6158536585365854,0.6158536585365854,0.0,1.0,0,,,,,,,,market,2023,2603
1312,0.5746951219512195,0.6744681972074893,0.24087337620603305,0.603147957512517,0.7362188736920872,0.5393240919797884,1312,0.5746951219512195,0.6158536585365854,0.018912515420349663,0.7941898100369575,822,0.6265243902439024,0.4124087591240876,-0.13407264328430293,-110.20771277969702,-0.10375423219040854,-0.9438876665624886,2.275623056443572,log5_wpct,2023,2603
1312,0.5945121951219512,0.6655251885937197,0.2365486877556953,0.6280450142716767,0.8512930880789953,0.5282700692679487,1312,0.5945121951219512,0.6158536585365854,0.009969506806580042,0.9051583404075547,643,0.49009146341463417,0.4401244167962675,-0.10666489713676454,-68.5855288589396,-0.0833491029249961,-0.7685195200809065,2.200429687588759,logit_l2,2023,2603
1312,0.59375,0.6717897464365217,0.2393881186631428,0.6169095971175893,0.7432641611452437,0.5277378095899805,1312,0.59375,0.6158536585365854,0.01623406464938204,0.8565295646690675,806,0.614329268292683,0.44044665012406947,-0.13275518969098438,-107.0006828909334,-0.11334487567244887,-0.9468959959520452,2.2091528591253344,lightgbm,2023,2603
1312,0.5853658536585366,0.6694512514219594,0.2384102830621994,0.6183847269664499,0.8090690547310795,0.52855954006131,1312,0.5853658536585366,0.6158536585365854,0.013895569634819749,0.8788377995815126,707,0.5388719512195121,0.43564356435643564,-0.11443347509002938,-80.90446688865077,-0.11573209271058706,-0.9068928781921124,2.269059934746137,random_forest,2023,2603
1312,0.59375,0.6763389762670551,0.24105863000645594,0.6107669271442608,0.6512629241566193,0.5306775424441567,1312,0.59375,0.6158536585365854,0.02078329447991545,0.7748626937078685,880,0.6707317073170732,0.46704545454545454,-0.057416676082358786,-50.52667495247573,-0.06537883918723537,-0.9076475319755322,2.224330890755585,mlp,2023,2603
1312,0.59375,0.6657871288419912,0.23675049321472924,0.6252117355294559,0.8685262571262938,0.5276042969794263,1312,0.59375,0.6158536585365854,0.010231447054851572,0.9054775647236369,656,0.5,0.4268292682926829,-0.10924035940622706,-71.66167577048495,-0.10449781372426578,-0.830835424624009,2.2801402568337004,gbm_elo_offset,2023,2603
1312,0.5960365853658537,0.6641578354040392,0.2358785414562186,0.6310584436853679,0.8548071648941011,0.5286883399796659,1312,0.5960365853658537,0.6158536585365854,0.008602153616899533,0.9103959905376112,625,0.4763719512195122,0.4624,-0.0789144988591522,-49.32156178697012,-0.057806255695890416,-0.6561076776670851,2.1559791643066637,margin_ridge,2023,2603
1312,0.5967987804878049,0.6732869314451323,0.23998453977598322,0.6217947218192877,0.6663864961688329,0.5297748276806482,1312,0.5967987804878049,0.6158536585365854,0.017731249657992665,0.8494531314861833,832,0.6341463414634146,0.49038461538461536,-0.07653243104299864,-63.67498262777487,-0.07266138560482381,-0.9112814609564338,2.055741029125805,margin_gbm,2023,2603
1312,0.5907012195121951,0.6658368768862662,0.23670238554709375,0.6270366384352628,0.8559209827144421,0.5287589180004479,1312,0.5907012195121951,0.6158536585365854,0.010281195099126617,0.9065900310977876,643,0.49009146341463417,0.4261275272161742,-0.13573677657316,-87.27874733654187,-0.09654884557765876,-0.8169190885191356,2.251243502250149,ensemble,2023,2603
1312,0.5914634146341463,0.6640007131057878,0.2358915189486159,0.6290604089654204,0.8769157147836695,0.5338883922847919,1312,0.5914634146341463,0.6158536585365854,0.008445031318648155,0.9264040149638177,550,0.4192073170731707,0.43454545454545457,-0.12442688704796953,-68.43478787638324,-0.08767192884748837,-0.7126172946673548,2.1963991191489876,ensemble_elo,2023,2603
1313,0.5932977913175933,0.669660490764937,0.23853121395831717,0.6068257792572127,0.7844702749094258,0.5401390116583176,1313,0.5932977913175933,0.6092916984006093,0.011715540437690741,0.873343191904941,664,0.5057121096725057,0.4397590361445783,-0.06469770216813844,-42.959274239643925,-0.09592770689484237,-0.8486976643862034,2.2937543579935262,elo,2024,3915
1313,0.6092916984006093,0.6579449503272463,0.23296828061193253,0.6365085127750562,1.0245059182668301,0.5357350494292987,1313,0.6092916984006093,0.6092916984006093,0.0,1.0,1,0.0007616146230007616,0.0,-1.0,-1.0,-1.0,-0.050000000000000044,2.8,market,2024,3915
1313,0.5788271134805788,0.6782862404646246,0.24254951516119652,0.5897130032580048,0.6375862630142513,0.5373218641585259,1313,0.5788271134805788,0.6092916984006093,0.020341290137378287,0.714606727660027,846,0.6443259710586443,0.42671394799054374,-0.07448149635517419,-63.01134591647736,-0.06396610038156662,-0.8944842441937623,2.3450068335774485,log5_wpct,2024,3915
1313,0.5986290936785986,0.6663791726172458,0.237117334601687,0.6130046724785825,0.8944357882786639,0.5330208778229494,1313,0.5986290936785986,0.6092916984006093,0.00843422228999946,0.8534713045442712,738,0.5620715917745621,0.4281842818428184,-0.05368032092609417,-39.6160768434575,-0.04769058044388542,-0.7040607236485876,2.351194713590216,logit_l2,2024,3915
1313,0.5864432597105864,0.67238255340635,0.2398408510540189,0.6063283559570566,0.73764856720722,0.5326328934711853,1313,0.5864432597105864,0.6092916984006093,0.014437603079103689,0.8196771789246805,809,0.6161462300076161,0.4388133498145859,-0.06873927389069479,-55.610072577572076,-0.07993796268358781,-0.8915347936791604,2.2901649699242506,lightgbm,2024,3915
1313,0.5727341964965728,0.6739406806152722,0.24059456618563668,0.6025729279136982,0.7452597373370226,0.5310828825949011,1313,0.5727341964965728,0.6092916984006093,0.015995730288025922,0.8304687078106575,762,0.5803503427265804,0.4146981627296588,-0.08866650946489861,-67.56388021225274,-0.10336430711115681,-0.9151486877709564,2.357608810690872,random_forest,2024,3915
1313,0.5552170601675552,0.695847214790582,0.250515631046317,0.5554332297624156,0.3553001100437704,0.542403257341319,1313,0.5552170601675552,0.6092916984006093,0.037902264463335666,0.680397614458981,935,0.7121096725057121,0.42566844919786095,-0.11295126992311241,-105.6094373781101,-0.13200568699463408,-0.9910005585898594,2.2631573745639626,mlp,2024,3915
1313,0.5894897182025894,0.6677162611331446,0.23766312131791914,0.6134408019123686,0.9189980314779957,0.5286184093186103,1313,0.5894897182025894,0.6092916984006093,0.009771310805898326,0.8498975152817725,734,0.559025133282559,0.41825613079019075,-0.045709735363513256,-33.55094575681873,-0.05553871891162747,-0.740461913295182,2.43280458862951,gbm_elo_offset,2024,3915
1313,0.594059405940594,0.666944803725888,0.2373674219045614,0.6124601000504496,0.8723663654124967,0.5331128777219902,1313,0.594059405940594,0.6092916984006093,0.008999853398641733,0.8577753754728691,730,0.555978674790556,0.426027397260274,-0.062197904141902134,-45.40447002358856,-0.05153743697247521,-0.7134748127364747,2.3477796545902394,margin_ridge,2024,3915
1313,0.5826351865955827,0.6759104437478911,0.24138251448693018,0.606396722192623,0.6369103738929474,0.5318839009964985,1313,0.5826351865955827,0.6092916984006093,0.017965493420644796,0.8156546298856265,806,0.6138613861386139,0.4813895781637717,-0.031883291387900005,-25.697932858647402,-0.07551171652924976,-0.9111536627558192,2.155000249934031,margin_gbm,2024,3915
1313,0.5872048743335873,0.6710229064081917,0.23921614248223222,0.6068729283851895,0.7981801968118349,0.5332507284667791,1313,0.5872048743335873,0.6092916984006093,0.013077956080945419,0.8533162194464279,715,0.5445544554455446,0.4153846153846154,-0.07342589257580516,-52.499513191700686,-0.10895904481391952,-0.896996516266866,2.377732095154618,ensemble,2024,3915
1313,0.5894897182025894,0.6698765909164299,0.23866433997805633,0.608723531658282,0.8094505770353329,0.5360636995676861,1313,0.5894897182025894,0.6092916984006093,0.011931640589183612,0.8702081061130443,683,0.5201827875095202,0.42752562225475843,-0.058242712267741394,-39.77977247886737,-0.10691275715741522,-0.869545716695368,2.355939325559207,ensemble_elo,2024,3915
1312,0.5251524390243902,0.6911020170234649,0.24889675450016985,0.5507179573136664,0.5470090690226563,0.5411875201932876,1312,0.5251524390243902,0.5525914634146342,0.00957527434567762,0.8377407194453358,629,0.4794207317073171,0.4451510333863275,-0.08394897966242273,-52.8039082076639,-0.0882973390811996,-0.7763375306046922,2.1558686817738493,elo,2025,5228
1312,0.5525914634146342,0.6815267426777872,0.24433105731666832,0.5827501676164935,0.8209419467232612,0.5342906504662607,1312,0.5525914634146342,0.5525914634146342,0.0,0.9999999999999999,4,0.003048780487804878,0.25,-0.5,-2.0,-0.13082709565842338,-0.012053210460513775,2.002549504950495,market,2025,5228
1312,0.5358231707317073,0.6959704639176766,0.2511020027530708,0.5481245576786977,0.4138738281023385,0.5382269260812368,1312,0.5358231707317073,0.5525914634146342,0.014443721239889351,0.5980132700002444,856,0.6524390243902439,0.4661214953271028,-0.015047309263481627,-12.880496729540273,-0.024363646927236266,-0.6953123445542141,2.192293842934684,log5_wpct,2025,5228
1312,0.5259146341463414,0.6894918464752696,0.24820772527213888,0.5535674377025366,0.5966323600407969,0.5393302199083636,1312,0.5259146341463414,0.5525914634146342,0.007965103797482387,0.840957758403588,579,0.4413109756097561,0.4283246977547496,-0.08032857243956322,-46.510243442507104,-0.08790597229052093,-0.7383626024398713,2.2281801583996663,logit_l2,2025,5228
1312,0.5396341463414634,0.68940844991553,0.24807174791067998,0.5623510075613662,0.5853764843710562,0.5396471659920478,1312,0.5396341463414634,0.5525914634146342,0.00788170723774273,0.7959594671946383,698,0.5320121951219512,0.4656160458452722,-0.033555625872169995,-23.421826858774658,-0.04517308384243802,-0.6759377811455101,2.155330379493173,lightgbm,2025,5228
1312,0.5358231707317073,0.6903809041099649,0.24859384188946063,0.5553087868290685,0.5758666775408178,0.539811938810013,1312,0.5358231707317073,0.5525914634146342,0.008854161432177654,0.8094197970337657,654,0.49847560975609756,0.42966360856269115,-0.07066718412162179,-46.21633841554065,-0.09884398871803964,-0.8243394866246048,2.237202412623529,random_forest,2025,5228
1312,0.5282012195121951,0.6900589400750989,0.24845986505591292,0.5528341155436362,0.6027860205529831,0.5438947588166569,1312,0.5282012195121951,0.5525914634146342,0.008532197397311703,0.82498792007749,616,0.4695121951219512,0.4237012987012987,-0.08551864680710385,-52.67948643317597,-0.09615406156943014,-0.7960025286708946,2.2380320484215694,mlp,2025,5228
1312,0.5335365853658537,0.6884795339891538,0.24765910090966475,0.5577322419637203,0.6369794958251556,0.5344901968334962,1312,0.5335365853658537,0.5525914634146342,0.006952791311366613,0.814180325833331,656,0.5,0.43597560975609756,-0.0422211794793329,-27.69709373844238,-0.06273729886159714,-0.6868368145940429,2.2832414586743135,gbm_elo_offset,2025,5228
1312,0.5213414634146342,0.6894048103379018,0.24816630014504287,0.5531064923455135,0.5997555441062792,0.5392447537609724,1312,0.5213414634146342,0.5525914634146342,0.007878067660114563,0.8413527210733079,601,0.4580792682926829,0.43594009983361065,-0.05943508297194069,-35.72048486613635,-0.07700031636469776,-0.6997812435635176,2.2321524588345683,margin_ridge,2025,5228
1312,0.5297256097560976,0.6938906053285411,0.25016489455886315,0.5592105263157895,0.48125774205472865,0.5427062929201063,1312,0.5297256097560976,0.5525914634146342,0.012363862650753843,0.7781579538488318,780,0.5945121951219512,0.46794871794871795,-0.07984964106261576,-62.282720028840295,-0.06264015448365108,-0.8422264228786144,2.0441996343053708,margin_gbm,2025,5228
1312,0.5320121951219512,0.6889166328827208,0.24789879393963177,0.5571548962640146,0.6174007790492579,0.5398750467202367,1312,0.5320121951219512,0.5525914634146342,0.007389890204933525,0.8385040599359092,604,0.4603658536585366,0.42218543046357615,-0.09822386565898004,-59.32721485802395,-0.08430304861983816,-0.7426439699016414,2.2125035392830954,ensemble,2025,5228
1312,0.5342987804878049,0.6891168342091334,0.24798460892800175,0.5559257086452862,0.6112497123111195,0.5404502575955368,1312,0.5342987804878049,0.5525914634146342,0.007590091531346155,0.8546260207619751,575,0.4382621951219512,0.4295652173913043,-0.08770586457773885,-50.43087213219984,-0.09515143606999146,-0.741635660929959,2.213081520017178,ensemble_elo,2025,5228
