slug,series,market_type,pred,truth,hit
mlb-bal-tor-2026-09-11,mlb-bal-tor-2026-09-11|spread|-1.5|53003780852940571726878284761138989987562289768335469106919710865708554416231,spread,-1,1,False
mlb-bal-tor-2026-09-12,mlb-bal-tor-2026-09-12|moneyline|None|112405949262403183958779527507406296848855835511906426351571862219167868135085,moneyline,-1,-1,True
mlb-bal-tor-2026-09-13,mlb-bal-tor-2026-09-13|moneyline|None|25470981761329142071003299852562788083544190067914148771166306417904281917533,moneyline,-1,1,False
mlb-bal-tor-2026-09-13,mlb-bal-tor-2026-09-13|spread|-1.5|113945463493425463734960209629869889966794747569608964858747204047878315373467,spread,1,1,True
mlb-bos-nyy-2026-08-28,mlb-bos-nyy-2026-08-28|moneyline|None|27511940944155932845898624596285448861028696577811542148344577965769801340981,moneyline,-1,-1,True
mlb-bos-nyy-2026-08-28,mlb-bos-nyy-2026-08-28|moneyline|None|27511940944155932845898624596285448861028696577811542148344577965769801340981,moneyline,1,-1,False
mlb-bos-nyy-2026-08-28,mlb-bos-nyy-2026-08-28|moneyline|None|27511940944155932845898624596285448861028696577811542148344577965769801340981,moneyline,-1,-1,True
mlb-bos-nyy-2026-08-28,mlb-bos-nyy-2026-08-28|moneyline|None|27511940944155932845898624596285448861028696577811542148344577965769801340981,moneyline,-1,-1,True
mlb-bos-nyy-2026-08-28,mlb-bos-nyy-2026-08-28|moneyline|None|27511940944155932845898624596285448861028696577811542148344577965769801340981,moneyline,-1,-1,True
mlb-bos-nyy-2026-08-28,mlb-bos-nyy-2026-08-28|spread|-1.5|65150279354447605863391217992934163070815872786059540353814835493022044773675,spread,1,-1,False
mlb-bos-nyy-2026-08-28,mlb-bos-nyy-2026-08-28|spread|-1.5|65150279354447605863391217992934163070815872786059540353814835493022044773675,spread,1,1,True
mlb-cin-chc-2026-08-28,mlb-cin-chc-2026-08-28|moneyline|None|56490911322126838415165748390295341510339789126875451477985325575025249405949,moneyline,1,1,True
mlb-cin-chc-2026-08-28,mlb-cin-chc-2026-08-28|moneyline|None|56490911322126838415165748390295341510339789126875451477985325575025249405949,moneyline,1,1,True
mlb-cin-chc-2026-08-28,mlb-cin-chc-2026-08-28|moneyline|None|56490911322126838415165748390295341510339789126875451477985325575025249405949,moneyline,1,1,True
mlb-cin-chc-2026-08-28,mlb-cin-chc-2026-08-28|moneyline|None|56490911322126838415165748390295341510339789126875451477985325575025249405949,moneyline,1,-1,False
mlb-cin-chc-2026-08-28,mlb-cin-chc-2026-08-28|moneyline|None|56490911322126838415165748390295341510339789126875451477985325575025249405949,moneyline,1,-1,False
mlb-cin-chc-2026-08-28,mlb-cin-chc-2026-08-28|moneyline|None|56490911322126838415165748390295341510339789126875451477985325575025249405949,moneyline,1,1,True
mlb-cin-chc-2026-08-28,mlb-cin-chc-2026-08-28|moneyline|None|56490911322126838415165748390295341510339789126875451477985325575025249405949,moneyline,1,-1,False
mlb-cin-chc-2026-08-28,mlb-cin-chc-2026-08-28|moneyline|None|56490911322126838415165748390295341510339789126875451477985325575025249405949,moneyline,1,1,True
mlb-cin-chc-2026-08-28,mlb-cin-chc-2026-08-28|moneyline|None|56490911322126838415165748390295341510339789126875451477985325575025249405949,moneyline,1,1,True
mlb-cin-chc-2026-08-28,mlb-cin-chc-2026-08-28|spread|-1.5|26265231364580606335055379515395861660123918874505679026736334036019835413770,spread,1,1,True
mlb-cin-chc-2026-08-28,mlb-cin-chc-2026-08-28|spread|-1.5|81818275801876276126943501284537299176059105010841062351515456260692541002363,spread,-1,-1,True
mlb-cin-chc-2026-08-30,mlb-cin-chc-2026-08-30|moneyline|nan|6637681485869055527489073254219050847259057770595405433133121013867337861872,moneyline,1,1,True
mlb-cin-mil-2026-09-12,mlb-cin-mil-2026-09-12|moneyline|None|108970816118354896794561700801076511134887213128871974444988158282344844497393,moneyline,-1,1,False
mlb-cin-mil-2026-09-12,mlb-cin-mil-2026-09-12|moneyline|None|108970816118354896794561700801076511134887213128871974444988158282344844497393,moneyline,-1,1,False
mlb-cin-mil-2026-09-12,mlb-cin-mil-2026-09-12|moneyline|None|108970816118354896794561700801076511134887213128871974444988158282344844497393,moneyline,-1,1,False
mlb-cin-mil-2026-09-13,mlb-cin-mil-2026-09-13|moneyline|None|85622791592271942250953122473427279669815910989431958325584121543910931654419,moneyline,1,1,True
mlb-cin-mil-2026-09-13,mlb-cin-mil-2026-09-13|moneyline|None|85622791592271942250953122473427279669815910989431958325584121543910931654419,moneyline,1,1,True
mlb-cin-mil-2026-09-13,mlb-cin-mil-2026-09-13|moneyline|None|85622791592271942250953122473427279669815910989431958325584121543910931654419,moneyline,1,1,True
mlb-cin-mil-2026-09-13,mlb-cin-mil-2026-09-13|moneyline|None|85622791592271942250953122473427279669815910989431958325584121543910931654419,moneyline,1,1,True
mlb-cle-min-2026-09-11,mlb-cle-min-2026-09-11|moneyline|None|80274199636239788891835890975969652234057054368534865190027642520443788470558,moneyline,1,1,True
mlb-cle-min-2026-09-11,mlb-cle-min-2026-09-11|moneyline|None|80274199636239788891835890975969652234057054368534865190027642520443788470558,moneyline,1,1,True
mlb-cle-min-2026-09-12,mlb-cle-min-2026-09-12|moneyline|None|6289336226410365652877413735629040962049087619915279014676445860652869369756,moneyline,-1,-1,True
mlb-cle-min-2026-09-12,mlb-cle-min-2026-09-12|moneyline|None|6289336226410365652877413735629040962049087619915279014676445860652869369756,moneyline,-1,1,False
mlb-cle-min-2026-09-12,mlb-cle-min-2026-09-12|moneyline|None|6289336226410365652877413735629040962049087619915279014676445860652869369756,moneyline,-1,-1,True
mlb-cle-min-2026-09-12,mlb-cle-min-2026-09-12|moneyline|None|6289336226410365652877413735629040962049087619915279014676445860652869369756,moneyline,-1,1,False
mlb-cle-min-2026-09-12,mlb-cle-min-2026-09-12|moneyline|None|6289336226410365652877413735629040962049087619915279014676445860652869369756,moneyline,-1,1,False
mlb-cle-min-2026-09-13,mlb-cle-min-2026-09-13|moneyline|None|60021460472480471088761563682409939039525439403703278298087857918524835379723,moneyline,1,-1,False
mlb-cle-min-2026-09-13,mlb-cle-min-2026-09-13|moneyline|None|60021460472480471088761563682409939039525439403703278298087857918524835379723,moneyline,1,-1,False
mlb-cle-min-2026-09-13,mlb-cle-min-2026-09-13|moneyline|None|60021460472480471088761563682409939039525439403703278298087857918524835379723,moneyline,1,-1,False
mlb-cle-min-2026-09-13,mlb-cle-min-2026-09-13|moneyline|None|60021460472480471088761563682409939039525439403703278298087857918524835379723,moneyline,1,1,True
mlb-cle-min-2026-09-13,mlb-cle-min-2026-09-13|moneyline|None|60021460472480471088761563682409939039525439403703278298087857918524835379723,moneyline,1,1,True
mlb-cle-min-2026-09-13,mlb-cle-min-2026-09-13|moneyline|None|60021460472480471088761563682409939039525439403703278298087857918524835379723,moneyline,1,-1,False
mlb-cle-min-2026-09-13,mlb-cle-min-2026-09-13|spread|-2.5|90416059083970112167662458618997769472400748627986844855349202514170820482300,spread,1,-1,False
mlb-col-atl-2026-08-28,mlb-col-atl-2026-08-28|moneyline|None|47221779164528472967563745806811734280548032244811800801317173632092974249294,moneyline,1,1,True
mlb-col-atl-2026-08-28,mlb-col-atl-2026-08-28|moneyline|None|47221779164528472967563745806811734280548032244811800801317173632092974249294,moneyline,1,-1,False
mlb-col-atl-2026-08-28,mlb-col-atl-2026-08-28|moneyline|None|47221779164528472967563745806811734280548032244811800801317173632092974249294,moneyline,1,-1,False
mlb-col-atl-2026-08-28,mlb-col-atl-2026-08-28|moneyline|None|47221779164528472967563745806811734280548032244811800801317173632092974249294,moneyline,1,-1,False
mlb-col-atl-2026-08-28,mlb-col-atl-2026-08-28|moneyline|None|47221779164528472967563745806811734280548032244811800801317173632092974249294,moneyline,1,1,True
mlb-col-atl-2026-08-28,mlb-col-atl-2026-08-28|moneyline|None|47221779164528472967563745806811734280548032244811800801317173632092974249294,moneyline,1,-1,False
mlb-col-atl-2026-08-28,mlb-col-atl-2026-08-28|moneyline|None|47221779164528472967563745806811734280548032244811800801317173632092974249294,moneyline,1,-1,False
mlb-col-atl-2026-08-28,mlb-col-atl-2026-08-28|spread|-1.5|471611264657536589393837708393110708074260375618598187086932632578401911127,spread,1,1,True
mlb-col-atl-2026-08-28,mlb-col-atl-2026-08-28|spread|-1.5|471611264657536589393837708393110708074260375618598187086932632578401911127,spread,1,-1,False
mlb-col-atl-2026-08-28,mlb-col-atl-2026-08-28|spread|-1.5|471611264657536589393837708393110708074260375618598187086932632578401911127,spread,1,1,True
mlb-col-atl-2026-08-28,mlb-col-atl-2026-08-28|spread|-2.5|27220055289987460137520744731952837229698161306593760049587643602604686092446,spread,-1,1,False
mlb-col-atl-2026-08-30,mlb-col-atl-2026-08-30|spread|-1.5|27506054137648943316600047056826516099128494687000365185805531324060847118206,spread,-1,-1,True
mlb-col-atl-2026-08-30,mlb-col-atl-2026-08-30|spread|-1.5|27506054137648943316600047056826516099128494687000365185805531324060847118206,spread,1,-1,False
mlb-col-atl-2026-08-30,mlb-col-atl-2026-08-30|spread|-1.5|7771956136000109791520199447632286366971099081610314378785705270130827428999,spread,-1,1,False
mlb-col-det-2026-09-11,mlb-col-det-2026-09-11|moneyline|None|114532502496137932693089688451118145455360814432114926570975463361514518351293,moneyline,-1,1,False
mlb-col-det-2026-09-11,mlb-col-det-2026-09-11|moneyline|None|114532502496137932693089688451118145455360814432114926570975463361514518351293,moneyline,-1,-1,True
mlb-col-det-2026-09-11,mlb-col-det-2026-09-11|moneyline|None|114532502496137932693089688451118145455360814432114926570975463361514518351293,moneyline,-1,-1,True
mlb-col-det-2026-09-11,mlb-col-det-2026-09-11|moneyline|None|114532502496137932693089688451118145455360814432114926570975463361514518351293,moneyline,-1,-1,True
mlb-col-det-2026-09-11,mlb-col-det-2026-09-11|moneyline|None|114532502496137932693089688451118145455360814432114926570975463361514518351293,moneyline,-1,-1,True
mlb-col-det-2026-09-11,mlb-col-det-2026-09-11|moneyline|None|114532502496137932693089688451118145455360814432114926570975463361514518351293,moneyline,1,-1,False
mlb-col-det-2026-09-11,mlb-col-det-2026-09-11|moneyline|None|114532502496137932693089688451118145455360814432114926570975463361514518351293,moneyline,1,-1,False
mlb-col-det-2026-09-11,mlb-col-det-2026-09-11|spread|-2.5|14272647840769939337389569085997194859958031816392507981061194540346248929400,spread,1,-1,False
mlb-col-det-2026-09-11,mlb-col-det-2026-09-11|spread|-2.5|52654386189664482606955232265145734895519291324719259640681521316804563205398,spread,-1,-1,True
mlb-col-det-2026-09-12,mlb-col-det-2026-09-12|moneyline|None|32400354811020468444989410749511250097085898452538330185839317606120110088418,moneyline,1,-1,False
mlb-col-det-2026-09-12,mlb-col-det-2026-09-12|moneyline|None|32400354811020468444989410749511250097085898452538330185839317606120110088418,moneyline,-1,-1,True
mlb-col-det-2026-09-12,mlb-col-det-2026-09-12|moneyline|None|32400354811020468444989410749511250097085898452538330185839317606120110088418,moneyline,-1,-1,True
mlb-col-det-2026-09-12,mlb-col-det-2026-09-12|moneyline|None|32400354811020468444989410749511250097085898452538330185839317606120110088418,moneyline,1,-1,False
mlb-col-nyy-2026-09-10,mlb-col-nyy-2026-09-10|spread|-1.5|90591000289261577431139660938472180617817122190474276709834243165900582773073,spread,-1,1,False
mlb-col-nyy-2026-09-10,mlb-col-nyy-2026-09-10|spread|-2.5|52634623999725473657369913830196309932927994706594273867350514252667206832701,spread,-1,1,False
mlb-col-nyy-2026-09-10,mlb-col-nyy-2026-09-10|spread|-2.5|52634623999725473657369913830196309932927994706594273867350514252667206832701,spread,-1,1,False
mlb-cws-min-2026-08-28,mlb-cws-min-2026-08-28|moneyline|None|6875553711542295414684427946510561501674955179844791776146015119389843065209,moneyline,-1,1,False
mlb-cws-min-2026-08-28,mlb-cws-min-2026-08-28|moneyline|None|6875553711542295414684427946510561501674955179844791776146015119389843065209,moneyline,1,1,True
mlb-cws-min-2026-08-28,mlb-cws-min-2026-08-28|moneyline|None|6875553711542295414684427946510561501674955179844791776146015119389843065209,moneyline,-1,1,False
mlb-cws-min-2026-08-28,mlb-cws-min-2026-08-28|moneyline|None|6875553711542295414684427946510561501674955179844791776146015119389843065209,moneyline,-1,1,False
mlb-cws-min-2026-08-28,mlb-cws-min-2026-08-28|moneyline|None|6875553711542295414684427946510561501674955179844791776146015119389843065209,moneyline,-1,-1,True
mlb-cws-min-2026-08-28,mlb-cws-min-2026-08-28|spread|-1.5|56563668415241685780605945190640795819512780773196825519593449349854500429903,spread,1,-1,False
mlb-cws-min-2026-08-28,mlb-cws-min-2026-08-28|spread|-2.5|43904072825478902727909645302205595819820362799169051728883077061939595416795,spread,1,-1,False
mlb-cws-min-2026-08-28,mlb-cws-min-2026-08-28|spread|-2.5|43904072825478902727909645302205595819820362799169051728883077061939595416795,spread,1,-1,False
mlb-cws-min-2026-08-28,mlb-cws-min-2026-08-28|spread|-2.5|43904072825478902727909645302205595819820362799169051728883077061939595416795,spread,1,-1,False
mlb-cws-min-2026-08-30,mlb-cws-min-2026-08-30|moneyline|nan|112917765624667566228971968402009573155960147123160183316933890078806486340391,moneyline,-1,-1,True
mlb-cws-stl-2026-09-11,mlb-cws-stl-2026-09-11|moneyline|None|86491057209653824834858661773572082773551870195814816881004839496594612294730,moneyline,-1,-1,True
mlb-cws-stl-2026-09-11,mlb-cws-stl-2026-09-11|moneyline|None|86491057209653824834858661773572082773551870195814816881004839496594612294730,moneyline,-1,-1,True
mlb-cws-stl-2026-09-11,mlb-cws-stl-2026-09-11|moneyline|None|86491057209653824834858661773572082773551870195814816881004839496594612294730,moneyline,-1,1,False
mlb-cws-stl-2026-09-11,mlb-cws-stl-2026-09-11|moneyline|None|86491057209653824834858661773572082773551870195814816881004839496594612294730,moneyline,-1,1,False
mlb-cws-stl-2026-09-11,mlb-cws-stl-2026-09-11|moneyline|None|86491057209653824834858661773572082773551870195814816881004839496594612294730,moneyline,-1,-1,True
mlb-cws-stl-2026-09-11,mlb-cws-stl-2026-09-11|moneyline|None|86491057209653824834858661773572082773551870195814816881004839496594612294730,moneyline,-1,-1,True
mlb-cws-stl-2026-09-11,mlb-cws-stl-2026-09-11|moneyline|None|86491057209653824834858661773572082773551870195814816881004839496594612294730,moneyline,-1,1,False
mlb-cws-stl-2026-09-11,mlb-cws-stl-2026-09-11|spread|-1.5|49130522526659259920629259785217183721678906244340283661672755506456850412715,spread,-1,-1,True
mlb-cws-stl-2026-09-12,mlb-cws-stl-2026-09-12|moneyline|None|44618449636292769433449339680304089604373746726215923039510990866957386262179,moneyline,1,-1,False
mlb-cws-stl-2026-09-12,mlb-cws-stl-2026-09-12|moneyline|None|44618449636292769433449339680304089604373746726215923039510990866957386262179,moneyline,1,1,True
mlb-cws-stl-2026-09-12,mlb-cws-stl-2026-09-12|moneyline|None|44618449636292769433449339680304089604373746726215923039510990866957386262179,moneyline,1,-1,False
mlb-cws-stl-2026-09-12,mlb-cws-stl-2026-09-12|moneyline|None|44618449636292769433449339680304089604373746726215923039510990866957386262179,moneyline,1,-1,False
mlb-cws-stl-2026-09-12,mlb-cws-stl-2026-09-12|spread|-1.5|60728432504675259611153998915862705981463665433518100984810574597958860290390,spread,1,-1,False
mlb-cws-stl-2026-09-12,mlb-cws-stl-2026-09-12|spread|-1.5|60728432504675259611153998915862705981463665433518100984810574597958860290390,spread,1,-1,False
mlb-cws-stl-2026-09-12,mlb-cws-stl-2026-09-12|spread|-1.5|9390380745244259428699895098197351072906478379954528465534628646548955069244,spread,-1,-1,True
mlb-cws-stl-2026-09-13,mlb-cws-stl-2026-09-13|moneyline|None|99664281247957700403371761478925862345121388950030744886331989355769104315793,moneyline,1,1,True
mlb-cws-stl-2026-09-13,mlb-cws-stl-2026-09-13|moneyline|None|99664281247957700403371761478925862345121388950030744886331989355769104315793,moneyline,1,1,True
mlb-cws-stl-2026-09-13,mlb-cws-stl-2026-09-13|moneyline|None|99664281247957700403371761478925862345121388950030744886331989355769104315793,moneyline,1,-1,False
mlb-cws-stl-2026-09-13,mlb-cws-stl-2026-09-13|moneyline|None|99664281247957700403371761478925862345121388950030744886331989355769104315793,moneyline,1,1,True
mlb-cws-stl-2026-09-13,mlb-cws-stl-2026-09-13|moneyline|None|99664281247957700403371761478925862345121388950030744886331989355769104315793,moneyline,1,-1,False
mlb-cws-stl-2026-09-13,mlb-cws-stl-2026-09-13|moneyline|None|99664281247957700403371761478925862345121388950030744886331989355769104315793,moneyline,1,-1,False
mlb-cws-stl-2026-09-13,mlb-cws-stl-2026-09-13|spread|-2.5|95439563192289185266101215129423277265145533462491640061929067463839050553279,spread,1,-1,False
mlb-hou-nym-2026-08-28,mlb-hou-nym-2026-08-28|moneyline|None|105159184776461370654284272180370370512362045319060232807887940658817718300287,moneyline,-1,1,False
mlb-hou-nym-2026-08-28,mlb-hou-nym-2026-08-28|moneyline|None|105159184776461370654284272180370370512362045319060232807887940658817718300287,moneyline,1,1,True
mlb-hou-nym-2026-08-28,mlb-hou-nym-2026-08-28|moneyline|None|105159184776461370654284272180370370512362045319060232807887940658817718300287,moneyline,1,1,True
mlb-hou-nym-2026-08-28,mlb-hou-nym-2026-08-28|spread|-1.5|115760838939973429330747578799598843510864728396721288227581231658325132422076,spread,-1,1,False
mlb-hou-nym-2026-08-30,mlb-hou-nym-2026-08-30|moneyline|nan|36984587908877688975390354440946033544301293731582569116943146201720010295287,moneyline,1,-1,False
mlb-hou-nym-2026-08-30,mlb-hou-nym-2026-08-30|moneyline|nan|36984587908877688975390354440946033544301293731582569116943146201720010295287,moneyline,-1,1,False
mlb-hou-nym-2026-08-30,mlb-hou-nym-2026-08-30|moneyline|nan|36984587908877688975390354440946033544301293731582569116943146201720010295287,moneyline,1,1,True
mlb-hou-nym-2026-08-30,mlb-hou-nym-2026-08-30|spread|-1.5|107481421743652522782150305741294482390419247252385097616909435830948279401058,spread,1,1,True
mlb-hou-nym-2026-08-30,mlb-hou-nym-2026-08-30|spread|-1.5|37168974032445009027655841225724349377919382421793325469937426961727292460168,spread,1,-1,False
mlb-hou-phi-2026-09-10,mlb-hou-phi-2026-09-10|moneyline|None|73980224499926583887107303500965833873351150813917077742688895913326004589854,moneyline,1,1,True
mlb-hou-phi-2026-09-10,mlb-hou-phi-2026-09-10|moneyline|None|73980224499926583887107303500965833873351150813917077742688895913326004589854,moneyline,1,1,True
mlb-hou-phi-2026-09-10,mlb-hou-phi-2026-09-10|moneyline|None|73980224499926583887107303500965833873351150813917077742688895913326004589854,moneyline,1,1,True
mlb-hou-phi-2026-09-10,mlb-hou-phi-2026-09-10|moneyline|None|73980224499926583887107303500965833873351150813917077742688895913326004589854,moneyline,1,-1,False
mlb-hou-phi-2026-09-10,mlb-hou-phi-2026-09-10|spread|-1.5|25733258357290546825287509516260297200236544044809664403282093571713334137719,spread,-1,-1,True
mlb-hou-tb-2026-09-11,mlb-hou-tb-2026-09-11|moneyline|None|92053914103760710336074569621249233187382135630969107259349612482752873529527,moneyline,1,1,True
mlb-hou-tb-2026-09-11,mlb-hou-tb-2026-09-11|moneyline|None|92053914103760710336074569621249233187382135630969107259349612482752873529527,moneyline,1,-1,False
mlb-hou-tb-2026-09-12,mlb-hou-tb-2026-09-12|moneyline|None|26924943409099587884725835387292512623954637197660419126367977003516773219764,moneyline,1,-1,False
mlb-hou-tb-2026-09-12,mlb-hou-tb-2026-09-12|moneyline|None|26924943409099587884725835387292512623954637197660419126367977003516773219764,moneyline,1,-1,False
mlb-hou-tb-2026-09-12,mlb-hou-tb-2026-09-12|moneyline|None|26924943409099587884725835387292512623954637197660419126367977003516773219764,moneyline,1,1,True
mlb-hou-tb-2026-09-12,mlb-hou-tb-2026-09-12|moneyline|None|26924943409099587884725835387292512623954637197660419126367977003516773219764,moneyline,-1,-1,True
mlb-hou-tb-2026-09-12,mlb-hou-tb-2026-09-12|moneyline|None|26924943409099587884725835387292512623954637197660419126367977003516773219764,moneyline,-1,-1,True
mlb-kc-bos-2026-09-11,mlb-kc-bos-2026-09-11|moneyline|None|30405502466268309215684803501213130157972453130129494566675040477304802989422,moneyline,1,1,True
mlb-kc-bos-2026-09-11,mlb-kc-bos-2026-09-11|moneyline|None|30405502466268309215684803501213130157972453130129494566675040477304802989422,moneyline,1,-1,False
mlb-kc-bos-2026-09-11,mlb-kc-bos-2026-09-11|moneyline|None|30405502466268309215684803501213130157972453130129494566675040477304802989422,moneyline,1,1,True
mlb-kc-bos-2026-09-11,mlb-kc-bos-2026-09-11|moneyline|None|30405502466268309215684803501213130157972453130129494566675040477304802989422,moneyline,1,1,True
mlb-kc-bos-2026-09-11,mlb-kc-bos-2026-09-11|moneyline|None|30405502466268309215684803501213130157972453130129494566675040477304802989422,moneyline,1,1,True
mlb-kc-bos-2026-09-11,mlb-kc-bos-2026-09-11|moneyline|None|30405502466268309215684803501213130157972453130129494566675040477304802989422,moneyline,1,1,True
mlb-kc-bos-2026-09-11,mlb-kc-bos-2026-09-11|spread|-1.5|51447811410707847606686233363733344457289272026653437207619033607744490045724,spread,-1,1,False
mlb-kc-bos-2026-09-12,mlb-kc-bos-2026-09-12|moneyline|None|107118192709049172207826777943337963700505108408832058433822885298899751626075,moneyline,1,-1,False
mlb-kc-bos-2026-09-12,mlb-kc-bos-2026-09-12|moneyline|None|107118192709049172207826777943337963700505108408832058433822885298899751626075,moneyline,-1,1,False
mlb-kc-bos-2026-09-12,mlb-kc-bos-2026-09-12|moneyline|None|107118192709049172207826777943337963700505108408832058433822885298899751626075,moneyline,1,-1,False
mlb-kc-bos-2026-09-13,mlb-kc-bos-2026-09-13|moneyline|None|5741225957638341538987185541604521597924941963009675803256384594855095362956,moneyline,-1,1,False
mlb-kc-bos-2026-09-13,mlb-kc-bos-2026-09-13|moneyline|None|5741225957638341538987185541604521597924941963009675803256384594855095362956,moneyline,-1,1,False
mlb-kc-bos-2026-09-13,mlb-kc-bos-2026-09-13|moneyline|None|5741225957638341538987185541604521597924941963009675803256384594855095362956,moneyline,1,1,True
mlb-kc-bos-2026-09-13,mlb-kc-bos-2026-09-13|moneyline|None|5741225957638341538987185541604521597924941963009675803256384594855095362956,moneyline,1,-1,False
mlb-kc-bos-2026-09-13,mlb-kc-bos-2026-09-13|moneyline|None|5741225957638341538987185541604521597924941963009675803256384594855095362956,moneyline,1,1,True
mlb-kc-bos-2026-09-13,mlb-kc-bos-2026-09-13|moneyline|None|5741225957638341538987185541604521597924941963009675803256384594855095362956,moneyline,1,-1,False
mlb-kc-bos-2026-09-13,mlb-kc-bos-2026-09-13|moneyline|None|5741225957638341538987185541604521597924941963009675803256384594855095362956,moneyline,-1,1,False
mlb-kc-bos-2026-09-13,mlb-kc-bos-2026-09-13|moneyline|None|5741225957638341538987185541604521597924941963009675803256384594855095362956,moneyline,-1,-1,True
mlb-kc-bos-2026-09-13,mlb-kc-bos-2026-09-13|spread|-1.5|97219516275809300488993251820750272365150091065356308081489174736129554237865,spread,-1,-1,True
mlb-kc-cle-2026-08-28,mlb-kc-cle-2026-08-28|moneyline|None|20791203717656939747103373618413153718607899589623776795532569528425486073770,moneyline,1,1,True
mlb-kc-cle-2026-08-28,mlb-kc-cle-2026-08-28|moneyline|None|20791203717656939747103373618413153718607899589623776795532569528425486073770,moneyline,-1,1,False
mlb-kc-cle-2026-08-28,mlb-kc-cle-2026-08-28|moneyline|None|20791203717656939747103373618413153718607899589623776795532569528425486073770,moneyline,-1,1,False
mlb-kc-cle-2026-08-28,mlb-kc-cle-2026-08-28|moneyline|None|20791203717656939747103373618413153718607899589623776795532569528425486073770,moneyline,1,1,True
mlb-kc-cle-2026-08-28,mlb-kc-cle-2026-08-28|moneyline|None|20791203717656939747103373618413153718607899589623776795532569528425486073770,moneyline,1,-1,False
mlb-kc-cle-2026-08-28,mlb-kc-cle-2026-08-28|moneyline|None|20791203717656939747103373618413153718607899589623776795532569528425486073770,moneyline,1,1,True
mlb-kc-cle-2026-08-28,mlb-kc-cle-2026-08-28|moneyline|None|20791203717656939747103373618413153718607899589623776795532569528425486073770,moneyline,1,-1,False
mlb-kc-cle-2026-08-28,mlb-kc-cle-2026-08-28|moneyline|None|20791203717656939747103373618413153718607899589623776795532569528425486073770,moneyline,1,-1,False
mlb-kc-cle-2026-08-28,mlb-kc-cle-2026-08-28|spread|-1.5|100184095576092731235403333941409918830822936346849093698313427673717544377520,spread,-1,1,False
mlb-kc-cle-2026-08-28,mlb-kc-cle-2026-08-28|spread|-1.5|100184095576092731235403333941409918830822936346849093698313427673717544377520,spread,-1,-1,True
mlb-kc-cle-2026-08-28,mlb-kc-cle-2026-08-28|spread|-1.5|100184095576092731235403333941409918830822936346849093698313427673717544377520,spread,1,-1,False
mlb-kc-cle-2026-08-28,mlb-kc-cle-2026-08-28|spread|-2.5|110336738030275635864077571417345286609848133236484894025342817771633420044547,spread,-1,-1,True
mlb-kc-cle-2026-08-28,mlb-kc-cle-2026-08-28|spread|-2.5|110336738030275635864077571417345286609848133236484894025342817771633420044547,spread,-1,1,False
mlb-kc-cle-2026-08-28,mlb-kc-cle-2026-08-28|spread|-2.5|110336738030275635864077571417345286609848133236484894025342817771633420044547,spread,1,1,True
mlb-laa-wsh-2026-09-11,mlb-laa-wsh-2026-09-11|moneyline|None|54629298416765988631520853078162888581416376784540008375343163682964232809572,moneyline,1,1,True
mlb-laa-wsh-2026-09-11,mlb-laa-wsh-2026-09-11|moneyline|None|54629298416765988631520853078162888581416376784540008375343163682964232809572,moneyline,1,-1,False
mlb-laa-wsh-2026-09-11,mlb-laa-wsh-2026-09-11|moneyline|None|54629298416765988631520853078162888581416376784540008375343163682964232809572,moneyline,1,1,True
mlb-laa-wsh-2026-09-11,mlb-laa-wsh-2026-09-11|moneyline|None|54629298416765988631520853078162888581416376784540008375343163682964232809572,moneyline,1,1,True
mlb-laa-wsh-2026-09-11,mlb-laa-wsh-2026-09-11|moneyline|None|54629298416765988631520853078162888581416376784540008375343163682964232809572,moneyline,1,-1,False
mlb-laa-wsh-2026-09-11,mlb-laa-wsh-2026-09-11|moneyline|None|54629298416765988631520853078162888581416376784540008375343163682964232809572,moneyline,1,-1,False
mlb-laa-wsh-2026-09-11,mlb-laa-wsh-2026-09-11|moneyline|None|54629298416765988631520853078162888581416376784540008375343163682964232809572,moneyline,1,-1,False
mlb-laa-wsh-2026-09-11,mlb-laa-wsh-2026-09-11|spread|-2.5|77652196379905412173705102904626114185348158795510107328221157977825876648485,spread,1,1,True
mlb-laa-wsh-2026-09-12,mlb-laa-wsh-2026-09-12|moneyline|None|40792841770362354623148102658436042620717926349486454752253698545015107663034,moneyline,-1,1,False
mlb-laa-wsh-2026-09-12,mlb-laa-wsh-2026-09-12|moneyline|None|40792841770362354623148102658436042620717926349486454752253698545015107663034,moneyline,-1,1,False
mlb-laa-wsh-2026-09-12,mlb-laa-wsh-2026-09-12|moneyline|None|40792841770362354623148102658436042620717926349486454752253698545015107663034,moneyline,-1,-1,True
mlb-laa-wsh-2026-09-12,mlb-laa-wsh-2026-09-12|moneyline|None|40792841770362354623148102658436042620717926349486454752253698545015107663034,moneyline,1,1,True
mlb-laa-wsh-2026-09-12,mlb-laa-wsh-2026-09-12|moneyline|None|40792841770362354623148102658436042620717926349486454752253698545015107663034,moneyline,-1,-1,True
mlb-laa-wsh-2026-09-12,mlb-laa-wsh-2026-09-12|moneyline|None|40792841770362354623148102658436042620717926349486454752253698545015107663034,moneyline,1,-1,False
mlb-laa-wsh-2026-09-13,mlb-laa-wsh-2026-09-13|moneyline|None|25266874789695735488571395707904671520672188865113181515386247497373094868806,moneyline,-1,-1,True
mlb-laa-wsh-2026-09-13,mlb-laa-wsh-2026-09-13|moneyline|None|25266874789695735488571395707904671520672188865113181515386247497373094868806,moneyline,-1,1,False
mlb-laa-wsh-2026-09-13,mlb-laa-wsh-2026-09-13|moneyline|None|25266874789695735488571395707904671520672188865113181515386247497373094868806,moneyline,-1,1,False
mlb-laa-wsh-2026-09-13,mlb-laa-wsh-2026-09-13|moneyline|None|25266874789695735488571395707904671520672188865113181515386247497373094868806,moneyline,-1,-1,True
mlb-laa-wsh-2026-09-13,mlb-laa-wsh-2026-09-13|moneyline|None|25266874789695735488571395707904671520672188865113181515386247497373094868806,moneyline,-1,-1,True
mlb-laa-wsh-2026-09-13,mlb-laa-wsh-2026-09-13|moneyline|None|25266874789695735488571395707904671520672188865113181515386247497373094868806,moneyline,-1,-1,True
mlb-laa-wsh-2026-09-13,mlb-laa-wsh-2026-09-13|spread|-1.5|101718455782484392715302681504353794545240879504879457792308988579187191727983,spread,-1,-1,True
mlb-laa-wsh-2026-09-13,mlb-laa-wsh-2026-09-13|spread|-2.5|19247998401882241505305531123889278446544853223757776143729625007505077717317,spread,1,1,True
mlb-lad-det-2026-08-28,mlb-lad-det-2026-08-28|moneyline|None|62758640872624052795659101325744503666978255786288129701907218433664064764873,moneyline,-1,1,False
mlb-lad-det-2026-08-28,mlb-lad-det-2026-08-28|moneyline|None|62758640872624052795659101325744503666978255786288129701907218433664064764873,moneyline,1,1,True
mlb-lad-det-2026-08-28,mlb-lad-det-2026-08-28|moneyline|None|62758640872624052795659101325744503666978255786288129701907218433664064764873,moneyline,1,1,True
mlb-lad-det-2026-08-28,mlb-lad-det-2026-08-28|moneyline|None|62758640872624052795659101325744503666978255786288129701907218433664064764873,moneyline,1,1,True
mlb-lad-det-2026-08-28,mlb-lad-det-2026-08-28|spread|-1.5|106555259397328213419568087817115203244033857479498390764754505619591897560128,spread,-1,-1,True
mlb-lad-det-2026-08-28,mlb-lad-det-2026-08-28|spread|-1.5|75864419268013091407171760616906668374070103043288096352526427626334377336629,spread,1,-1,False
mlb-lad-det-2026-08-28,mlb-lad-det-2026-08-28|spread|-2.5|80532393796614223489463685838259423674167881765079488127616417053278610852716,spread,1,-1,False
mlb-lad-det-2026-08-28,mlb-lad-det-2026-08-28|spread|-2.5|80532393796614223489463685838259423674167881765079488127616417053278610852716,spread,-1,-1,True
mlb-lad-det-2026-08-30,mlb-lad-det-2026-08-30|moneyline|nan|40639887390044773689585608091326541236442674754848675364827883471698723224659,moneyline,1,1,True
mlb-lad-mia-2026-09-12,mlb-lad-mia-2026-09-12|moneyline|None|89254313729353657865448740606800371484028707376712453212148059579290368635237,moneyline,1,-1,False
mlb-lad-mia-2026-09-12,mlb-lad-mia-2026-09-12|moneyline|None|89254313729353657865448740606800371484028707376712453212148059579290368635237,moneyline,-1,-1,True
mlb-lad-mia-2026-09-12,mlb-lad-mia-2026-09-12|moneyline|None|89254313729353657865448740606800371484028707376712453212148059579290368635237,moneyline,1,-1,False
mlb-lad-mia-2026-09-12,mlb-lad-mia-2026-09-12|moneyline|None|89254313729353657865448740606800371484028707376712453212148059579290368635237,moneyline,1,-1,False
mlb-lad-mia-2026-09-12,mlb-lad-mia-2026-09-12|moneyline|None|89254313729353657865448740606800371484028707376712453212148059579290368635237,moneyline,-1,1,False
mlb-lad-mia-2026-09-12,mlb-lad-mia-2026-09-12|moneyline|None|89254313729353657865448740606800371484028707376712453212148059579290368635237,moneyline,-1,1,False
mlb-lad-mia-2026-09-12,mlb-lad-mia-2026-09-12|moneyline|None|89254313729353657865448740606800371484028707376712453212148059579290368635237,moneyline,1,-1,False
mlb-lad-mia-2026-09-12,mlb-lad-mia-2026-09-12|moneyline|None|89254313729353657865448740606800371484028707376712453212148059579290368635237,moneyline,1,-1,False
mlb-lad-mia-2026-09-12,mlb-lad-mia-2026-09-12|moneyline|None|89254313729353657865448740606800371484028707376712453212148059579290368635237,moneyline,1,1,True
mlb-lad-mia-2026-09-12,mlb-lad-mia-2026-09-12|spread|-1.5|64675617119723677900949755460863489907225740896748253474587685571843451417272,spread,1,-1,False
mlb-lad-mia-2026-09-12,mlb-lad-mia-2026-09-12|spread|-2.5|73974090839062339349522857374358389091747300262181310561941956709545923644090,spread,1,-1,False
mlb-lad-mia-2026-09-13,mlb-lad-mia-2026-09-13|moneyline|None|36840522433304955196904475740152766420604674981982660002263869346270018374502,moneyline,1,-1,False
mlb-lad-mia-2026-09-13,mlb-lad-mia-2026-09-13|moneyline|None|36840522433304955196904475740152766420604674981982660002263869346270018374502,moneyline,1,1,True
mlb-lad-mia-2026-09-13,mlb-lad-mia-2026-09-13|moneyline|None|36840522433304955196904475740152766420604674981982660002263869346270018374502,moneyline,1,1,True
mlb-lad-mia-2026-09-13,mlb-lad-mia-2026-09-13|moneyline|None|36840522433304955196904475740152766420604674981982660002263869346270018374502,moneyline,1,-1,False
mlb-lad-mia-2026-09-13,mlb-lad-mia-2026-09-13|moneyline|None|36840522433304955196904475740152766420604674981982660002263869346270018374502,moneyline,1,-1,False
mlb-mia-wsh-2026-08-28,mlb-mia-wsh-2026-08-28|moneyline|None|52617810597802292817712211541528569387414612966845623028699757422336713814968,moneyline,-1,1,False
mlb-mia-wsh-2026-08-28,mlb-mia-wsh-2026-08-28|moneyline|None|52617810597802292817712211541528569387414612966845623028699757422336713814968,moneyline,1,-1,False
mlb-mia-wsh-2026-08-28,mlb-mia-wsh-2026-08-28|moneyline|None|52617810597802292817712211541528569387414612966845623028699757422336713814968,moneyline,1,1,True
mlb-mia-wsh-2026-08-28,mlb-mia-wsh-2026-08-28|moneyline|None|52617810597802292817712211541528569387414612966845623028699757422336713814968,moneyline,1,-1,False
mlb-mia-wsh-2026-08-28,mlb-mia-wsh-2026-08-28|moneyline|None|52617810597802292817712211541528569387414612966845623028699757422336713814968,moneyline,1,-1,False
mlb-mia-wsh-2026-08-28,mlb-mia-wsh-2026-08-28|spread|-2.5|36412738869128976849782111814231201096686804965848065327045220212470420545896,spread,-1,1,False
mlb-mia-wsh-2026-08-30,mlb-mia-wsh-2026-08-30|moneyline|nan|69426543764461627347858130646460967274912161156304358439086966495097652022629,moneyline,1,-1,False
mlb-mia-wsh-2026-08-30,mlb-mia-wsh-2026-08-30|moneyline|nan|69426543764461627347858130646460967274912161156304358439086966495097652022629,moneyline,1,-1,False
mlb-mia-wsh-2026-08-30,mlb-mia-wsh-2026-08-30|moneyline|nan|69426543764461627347858130646460967274912161156304358439086966495097652022629,moneyline,-1,1,False
mlb-mia-wsh-2026-08-30,mlb-mia-wsh-2026-08-30|moneyline|nan|69426543764461627347858130646460967274912161156304358439086966495097652022629,moneyline,-1,1,False
mlb-mia-wsh-2026-08-30,mlb-mia-wsh-2026-08-30|moneyline|nan|69426543764461627347858130646460967274912161156304358439086966495097652022629,moneyline,-1,1,False
mlb-mia-wsh-2026-08-30,mlb-mia-wsh-2026-08-30|moneyline|nan|69426543764461627347858130646460967274912161156304358439086966495097652022629,moneyline,-1,1,False
mlb-mia-wsh-2026-08-30,mlb-mia-wsh-2026-08-30|moneyline|nan|69426543764461627347858130646460967274912161156304358439086966495097652022629,moneyline,1,1,True
mlb-mia-wsh-2026-08-30,mlb-mia-wsh-2026-08-30|spread|-1.5|82591603476634693132637850570905500697859112609116379593963702814310089025342,spread,-1,-1,True
mlb-mia-wsh-2026-08-30,mlb-mia-wsh-2026-08-30|spread|-1.5|94384591056005049279999332552019517314134721830964001289654002368712699086762,spread,1,-1,False
mlb-nym-nyy-2026-09-11,mlb-nym-nyy-2026-09-11|moneyline|None|66935733084136078185169414311607694924121824072772247769733753351497316406002,moneyline,-1,1,False
mlb-nym-nyy-2026-09-11,mlb-nym-nyy-2026-09-11|moneyline|None|66935733084136078185169414311607694924121824072772247769733753351497316406002,moneyline,-1,-1,True
mlb-nym-nyy-2026-09-11,mlb-nym-nyy-2026-09-11|moneyline|None|66935733084136078185169414311607694924121824072772247769733753351497316406002,moneyline,-1,-1,True
mlb-nym-nyy-2026-09-11,mlb-nym-nyy-2026-09-11|moneyline|None|66935733084136078185169414311607694924121824072772247769733753351497316406002,moneyline,-1,-1,True
mlb-nym-nyy-2026-09-11,mlb-nym-nyy-2026-09-11|moneyline|None|66935733084136078185169414311607694924121824072772247769733753351497316406002,moneyline,-1,-1,True
mlb-nym-nyy-2026-09-11,mlb-nym-nyy-2026-09-11|spread|-1.5|90730760206672659131247649524922271241704884657143602880729672381381506264997,spread,1,1,True
mlb-nym-nyy-2026-09-11,mlb-nym-nyy-2026-09-11|spread|-1.5|90730760206672659131247649524922271241704884657143602880729672381381506264997,spread,-1,-1,True
mlb-nym-nyy-2026-09-11,mlb-nym-nyy-2026-09-11|spread|-1.5|90730760206672659131247649524922271241704884657143602880729672381381506264997,spread,1,-1,False
mlb-nym-nyy-2026-09-11,mlb-nym-nyy-2026-09-11|spread|-2.5|99657650591723149332792411406790306926296913984560742517056181136259717711865,spread,1,1,True
mlb-nym-nyy-2026-09-12,mlb-nym-nyy-2026-09-12|moneyline|None|27396431320765705545568208303833576649052342012892990210059387831446878892095,moneyline,1,1,True
mlb-nym-nyy-2026-09-12,mlb-nym-nyy-2026-09-12|moneyline|None|27396431320765705545568208303833576649052342012892990210059387831446878892095,moneyline,1,-1,False
mlb-nym-nyy-2026-09-12,mlb-nym-nyy-2026-09-12|moneyline|None|27396431320765705545568208303833576649052342012892990210059387831446878892095,moneyline,1,-1,False
mlb-nym-nyy-2026-09-12,mlb-nym-nyy-2026-09-12|moneyline|None|27396431320765705545568208303833576649052342012892990210059387831446878892095,moneyline,1,1,True
mlb-nym-nyy-2026-09-12,mlb-nym-nyy-2026-09-12|moneyline|None|27396431320765705545568208303833576649052342012892990210059387831446878892095,moneyline,1,1,True
mlb-nym-nyy-2026-09-13,mlb-nym-nyy-2026-09-13|moneyline|None|45247655186878748418738524287511221880429656193836471756324598123301817172808,moneyline,1,1,True
mlb-nym-nyy-2026-09-13,mlb-nym-nyy-2026-09-13|moneyline|None|45247655186878748418738524287511221880429656193836471756324598123301817172808,moneyline,-1,-1,True
mlb-phi-atl-2026-09-11,mlb-phi-atl-2026-09-11|moneyline|None|82017849222151381821620832662594948469177648180086267484261127355782752392531,moneyline,-1,-1,True
mlb-phi-atl-2026-09-11,mlb-phi-atl-2026-09-11|moneyline|None|82017849222151381821620832662594948469177648180086267484261127355782752392531,moneyline,-1,1,False
mlb-phi-atl-2026-09-11,mlb-phi-atl-2026-09-11|moneyline|None|82017849222151381821620832662594948469177648180086267484261127355782752392531,moneyline,-1,-1,True
mlb-phi-atl-2026-09-11,mlb-phi-atl-2026-09-11|moneyline|None|82017849222151381821620832662594948469177648180086267484261127355782752392531,moneyline,-1,-1,True
mlb-phi-atl-2026-09-11,mlb-phi-atl-2026-09-11|moneyline|None|82017849222151381821620832662594948469177648180086267484261127355782752392531,moneyline,-1,1,False
mlb-phi-atl-2026-09-11,mlb-phi-atl-2026-09-11|spread|-1.5|16492331444203504904136959933735926517944185300002729881281982902413000412696,spread,-1,1,False
mlb-phi-atl-2026-09-11,mlb-phi-atl-2026-09-11|spread|-1.5|16492331444203504904136959933735926517944185300002729881281982902413000412696,spread,-1,1,False
mlb-phi-atl-2026-09-11,mlb-phi-atl-2026-09-11|spread|-2.5|39243148849973654733183098787633185482071168583719416481096402357275669393928,spread,1,-1,False
mlb-phi-atl-2026-09-13,mlb-phi-atl-2026-09-13|moneyline|None|21096994013032590883087387822153823422144492285952249163880634517121629286480,moneyline,-1,1,False
mlb-phi-laa-2026-08-28,mlb-phi-laa-2026-08-28|moneyline|None|51861653197188885457754544253395521359876617403376889019857984610677824274079,moneyline,1,-1,False
mlb-phi-laa-2026-08-28,mlb-phi-laa-2026-08-28|moneyline|None|51861653197188885457754544253395521359876617403376889019857984610677824274079,moneyline,1,-1,False
mlb-phi-laa-2026-08-28,mlb-phi-laa-2026-08-28|moneyline|None|51861653197188885457754544253395521359876617403376889019857984610677824274079,moneyline,1,1,True
mlb-phi-laa-2026-08-28,mlb-phi-laa-2026-08-28|moneyline|None|51861653197188885457754544253395521359876617403376889019857984610677824274079,moneyline,1,1,True
mlb-phi-laa-2026-08-28,mlb-phi-laa-2026-08-28|moneyline|None|51861653197188885457754544253395521359876617403376889019857984610677824274079,moneyline,1,-1,False
mlb-phi-laa-2026-08-28,mlb-phi-laa-2026-08-28|moneyline|None|51861653197188885457754544253395521359876617403376889019857984610677824274079,moneyline,1,1,True
mlb-phi-laa-2026-08-28,mlb-phi-laa-2026-08-28|moneyline|None|51861653197188885457754544253395521359876617403376889019857984610677824274079,moneyline,1,1,True
mlb-phi-laa-2026-08-28,mlb-phi-laa-2026-08-28|moneyline|None|51861653197188885457754544253395521359876617403376889019857984610677824274079,moneyline,-1,1,False
mlb-phi-laa-2026-08-28,mlb-phi-laa-2026-08-28|moneyline|None|51861653197188885457754544253395521359876617403376889019857984610677824274079,moneyline,-1,1,False
mlb-phi-laa-2026-08-28,mlb-phi-laa-2026-08-28|moneyline|None|51861653197188885457754544253395521359876617403376889019857984610677824274079,moneyline,-1,1,False
mlb-phi-laa-2026-08-28,mlb-phi-laa-2026-08-28|moneyline|None|51861653197188885457754544253395521359876617403376889019857984610677824274079,moneyline,-1,-1,True
mlb-phi-laa-2026-08-28,mlb-phi-laa-2026-08-28|spread|-1.5|93858995977761891655742654739138284690096927725010398892672846054445959658144,spread,1,-1,False
mlb-phi-laa-2026-08-28,mlb-phi-laa-2026-08-28|spread|-1.5|93858995977761891655742654739138284690096927725010398892672846054445959658144,spread,1,1,True
mlb-phi-laa-2026-08-28,mlb-phi-laa-2026-08-28|spread|-1.5|93858995977761891655742654739138284690096927725010398892672846054445959658144,spread,1,1,True
mlb-phi-laa-2026-08-28,mlb-phi-laa-2026-08-28|spread|-1.5|93858995977761891655742654739138284690096927725010398892672846054445959658144,spread,1,-1,False
mlb-phi-laa-2026-08-28,mlb-phi-laa-2026-08-28|spread|-1.5|97760235973215537412523911665626757556570404010373350607962520649159647356357,spread,-1,1,False
mlb-phi-laa-2026-08-28,mlb-phi-laa-2026-08-28|spread|-1.5|97760235973215537412523911665626757556570404010373350607962520649159647356357,spread,-1,1,False
mlb-phi-laa-2026-08-28,mlb-phi-laa-2026-08-28|spread|-2.5|110167861059405813032750311272931850281548134705788312214700663834606108660629,spread,-1,-1,True
mlb-phi-laa-2026-08-28,mlb-phi-laa-2026-08-28|spread|-2.5|76725201299913851252490202506218776275630485509461414576834893588291145515871,spread,-1,-1,True
mlb-phi-laa-2026-08-30,mlb-phi-laa-2026-08-30|moneyline|nan|11781292274710957784048882346772791341954737678994565217359326406482198893517,moneyline,-1,-1,True
mlb-phi-laa-2026-08-30,mlb-phi-laa-2026-08-30|spread|-1.5|88232245596904267868607872431288462802033611574087126705629980938232599297318,spread,1,-1,False
mlb-pit-chc-2026-09-11,mlb-pit-chc-2026-09-11|moneyline|None|87875402712849883709416600974521819746565102002419250776574963799640888997642,moneyline,-1,-1,True
mlb-pit-chc-2026-09-11,mlb-pit-chc-2026-09-11|moneyline|None|87875402712849883709416600974521819746565102002419250776574963799640888997642,moneyline,-1,-1,True
mlb-pit-chc-2026-09-11,mlb-pit-chc-2026-09-11|moneyline|None|87875402712849883709416600974521819746565102002419250776574963799640888997642,moneyline,-1,1,False
mlb-pit-chc-2026-09-11,mlb-pit-chc-2026-09-11|moneyline|None|87875402712849883709416600974521819746565102002419250776574963799640888997642,moneyline,1,-1,False
mlb-pit-chc-2026-09-11,mlb-pit-chc-2026-09-11|spread|-1.5|40927528825600739890161779375483801865761334611821927754170917355518297940558,spread,1,1,True
mlb-pit-chc-2026-09-12,mlb-pit-chc-2026-09-12|moneyline|None|21336114212166485193901165199477947790170708961051580641182268793845806963710,moneyline,-1,-1,True
mlb-pit-chc-2026-09-12,mlb-pit-chc-2026-09-12|moneyline|None|21336114212166485193901165199477947790170708961051580641182268793845806963710,moneyline,1,-1,False
mlb-pit-chc-2026-09-12,mlb-pit-chc-2026-09-12|moneyline|None|21336114212166485193901165199477947790170708961051580641182268793845806963710,moneyline,-1,-1,True
mlb-pit-chc-2026-09-12,mlb-pit-chc-2026-09-12|spread|-1.5|16313645928980703107972255985655189250816952628782856823294199565027419019370,spread,-1,-1,True
mlb-pit-chc-2026-09-12,mlb-pit-chc-2026-09-12|spread|-2.5|48991170350865005203073709132432127385510519842105754676662509882407600102295,spread,1,1,True
mlb-pit-chc-2026-09-13,mlb-pit-chc-2026-09-13|moneyline|None|64452425125346687747055270400365138071813705807859240511039336278288348143104,moneyline,-1,-1,True
mlb-pit-chc-2026-09-13,mlb-pit-chc-2026-09-13|moneyline|None|64452425125346687747055270400365138071813705807859240511039336278288348143104,moneyline,-1,1,False
mlb-pit-chc-2026-09-13,mlb-pit-chc-2026-09-13|moneyline|None|64452425125346687747055270400365138071813705807859240511039336278288348143104,moneyline,-1,1,False
mlb-pit-chc-2026-09-13,mlb-pit-chc-2026-09-13|moneyline|None|64452425125346687747055270400365138071813705807859240511039336278288348143104,moneyline,-1,1,False
mlb-pit-chc-2026-09-13,mlb-pit-chc-2026-09-13|spread|-1.5|545277870951927613161181064930569663532072106212555107081756700719192361311,spread,1,1,True
mlb-pit-cws-2026-09-10,mlb-pit-cws-2026-09-10|moneyline|None|41143466312945484136559921836598116314725988543812875615597649519442643452062,moneyline,1,1,True
mlb-pit-cws-2026-09-10,mlb-pit-cws-2026-09-10|moneyline|None|41143466312945484136559921836598116314725988543812875615597649519442643452062,moneyline,1,-1,False
mlb-pit-cws-2026-09-10,mlb-pit-cws-2026-09-10|moneyline|None|41143466312945484136559921836598116314725988543812875615597649519442643452062,moneyline,1,-1,False
mlb-pit-stl-2026-08-28,mlb-pit-stl-2026-08-28|moneyline|None|39987381693049627234877216970893231137182833029744314612576450986449611240782,moneyline,-1,-1,True
mlb-pit-stl-2026-08-28,mlb-pit-stl-2026-08-28|moneyline|None|39987381693049627234877216970893231137182833029744314612576450986449611240782,moneyline,-1,-1,True
mlb-pit-stl-2026-08-28,mlb-pit-stl-2026-08-28|moneyline|None|39987381693049627234877216970893231137182833029744314612576450986449611240782,moneyline,-1,-1,True
mlb-pit-stl-2026-08-28,mlb-pit-stl-2026-08-28|moneyline|None|39987381693049627234877216970893231137182833029744314612576450986449611240782,moneyline,1,-1,False
mlb-pit-stl-2026-08-30,mlb-pit-stl-2026-08-30|moneyline|nan|83198324539724311645262250239389656386579995248975984232311568883473986059221,moneyline,-1,-1,True
mlb-pit-stl-2026-08-30,mlb-pit-stl-2026-08-30|moneyline|nan|83198324539724311645262250239389656386579995248975984232311568883473986059221,moneyline,-1,-1,True
mlb-sd-sf-2026-09-11,mlb-sd-sf-2026-09-11|moneyline|None|16048610262370068586486043004090220388460476204017934071541446203879311263247,moneyline,1,-1,False
mlb-sd-sf-2026-09-11,mlb-sd-sf-2026-09-11|moneyline|None|16048610262370068586486043004090220388460476204017934071541446203879311263247,moneyline,1,1,True
mlb-sd-sf-2026-09-11,mlb-sd-sf-2026-09-11|moneyline|None|16048610262370068586486043004090220388460476204017934071541446203879311263247,moneyline,1,1,True
mlb-sd-sf-2026-09-11,mlb-sd-sf-2026-09-11|moneyline|None|16048610262370068586486043004090220388460476204017934071541446203879311263247,moneyline,1,1,True
mlb-sd-sf-2026-09-11,mlb-sd-sf-2026-09-11|moneyline|None|16048610262370068586486043004090220388460476204017934071541446203879311263247,moneyline,1,1,True
mlb-sd-sf-2026-09-11,mlb-sd-sf-2026-09-11|moneyline|None|16048610262370068586486043004090220388460476204017934071541446203879311263247,moneyline,1,1,True
mlb-sd-sf-2026-09-11,mlb-sd-sf-2026-09-11|moneyline|None|16048610262370068586486043004090220388460476204017934071541446203879311263247,moneyline,1,1,True
mlb-sd-sf-2026-09-11,mlb-sd-sf-2026-09-11|moneyline|None|16048610262370068586486043004090220388460476204017934071541446203879311263247,moneyline,1,1,True
mlb-sd-sf-2026-09-11,mlb-sd-sf-2026-09-11|moneyline|None|16048610262370068586486043004090220388460476204017934071541446203879311263247,moneyline,1,-1,False
mlb-sd-sf-2026-09-11,mlb-sd-sf-2026-09-11|moneyline|None|16048610262370068586486043004090220388460476204017934071541446203879311263247,moneyline,1,1,True
mlb-sd-sf-2026-09-11,mlb-sd-sf-2026-09-11|moneyline|None|16048610262370068586486043004090220388460476204017934071541446203879311263247,moneyline,1,-1,False
mlb-sd-sf-2026-09-11,mlb-sd-sf-2026-09-11|moneyline|None|16048610262370068586486043004090220388460476204017934071541446203879311263247,moneyline,1,1,True
mlb-sd-sf-2026-09-11,mlb-sd-sf-2026-09-11|moneyline|None|16048610262370068586486043004090220388460476204017934071541446203879311263247,moneyline,1,1,True
mlb-sd-sf-2026-09-11,mlb-sd-sf-2026-09-11|moneyline|None|16048610262370068586486043004090220388460476204017934071541446203879311263247,moneyline,1,1,True
mlb-sd-sf-2026-09-11,mlb-sd-sf-2026-09-11|moneyline|None|16048610262370068586486043004090220388460476204017934071541446203879311263247,moneyline,1,-1,False
mlb-sd-sf-2026-09-11,mlb-sd-sf-2026-09-11|moneyline|None|16048610262370068586486043004090220388460476204017934071541446203879311263247,moneyline,1,-1,False
mlb-sd-sf-2026-09-11,mlb-sd-sf-2026-09-11|moneyline|None|16048610262370068586486043004090220388460476204017934071541446203879311263247,moneyline,1,1,True
mlb-sd-sf-2026-09-11,mlb-sd-sf-2026-09-11|moneyline|None|16048610262370068586486043004090220388460476204017934071541446203879311263247,moneyline,1,1,True
mlb-sd-sf-2026-09-11,mlb-sd-sf-2026-09-11|spread|-1.5|39574591917237469870450225021060414307739921805175278714587916710470034315941,spread,1,1,True
mlb-sd-sf-2026-09-11,mlb-sd-sf-2026-09-11|spread|-1.5|39574591917237469870450225021060414307739921805175278714587916710470034315941,spread,1,-1,False
mlb-sd-sf-2026-09-11,mlb-sd-sf-2026-09-11|spread|-2.5|87956717221783818943754353182956347699705637534206247299039539043367385786195,spread,1,-1,False
mlb-sd-sf-2026-09-12,mlb-sd-sf-2026-09-12|moneyline|None|94733096575050845817444182523140294484561866373271223355100152025969701119810,moneyline,-1,-1,True
mlb-sd-sf-2026-09-12,mlb-sd-sf-2026-09-12|moneyline|None|94733096575050845817444182523140294484561866373271223355100152025969701119810,moneyline,-1,1,False
mlb-sd-sf-2026-09-12,mlb-sd-sf-2026-09-12|moneyline|None|94733096575050845817444182523140294484561866373271223355100152025969701119810,moneyline,-1,-1,True
mlb-sd-sf-2026-09-12,mlb-sd-sf-2026-09-12|moneyline|None|94733096575050845817444182523140294484561866373271223355100152025969701119810,moneyline,-1,1,False
mlb-sd-sf-2026-09-12,mlb-sd-sf-2026-09-12|moneyline|None|94733096575050845817444182523140294484561866373271223355100152025969701119810,moneyline,1,-1,False
mlb-sd-sf-2026-09-12,mlb-sd-sf-2026-09-12|moneyline|None|94733096575050845817444182523140294484561866373271223355100152025969701119810,moneyline,1,1,True
mlb-sd-sf-2026-09-12,mlb-sd-sf-2026-09-12|moneyline|None|94733096575050845817444182523140294484561866373271223355100152025969701119810,moneyline,1,1,True
mlb-sd-sf-2026-09-13,mlb-sd-sf-2026-09-13|moneyline|None|52441404242744643387968707407085373378262402675090167400830251107893979909263,moneyline,1,1,True
mlb-sd-sf-2026-09-13,mlb-sd-sf-2026-09-13|moneyline|None|52441404242744643387968707407085373378262402675090167400830251107893979909263,moneyline,1,1,True
mlb-sd-sf-2026-09-13,mlb-sd-sf-2026-09-13|moneyline|None|52441404242744643387968707407085373378262402675090167400830251107893979909263,moneyline,1,-1,False
mlb-sd-sf-2026-09-13,mlb-sd-sf-2026-09-13|moneyline|None|52441404242744643387968707407085373378262402675090167400830251107893979909263,moneyline,1,-1,False
mlb-sd-sf-2026-09-13,mlb-sd-sf-2026-09-13|moneyline|None|52441404242744643387968707407085373378262402675090167400830251107893979909263,moneyline,1,1,True
mlb-sd-sf-2026-09-13,mlb-sd-sf-2026-09-13|moneyline|None|52441404242744643387968707407085373378262402675090167400830251107893979909263,moneyline,1,-1,False
mlb-sd-sf-2026-09-13,mlb-sd-sf-2026-09-13|moneyline|None|52441404242744643387968707407085373378262402675090167400830251107893979909263,moneyline,1,1,True
mlb-sd-sf-2026-09-13,mlb-sd-sf-2026-09-13|spread|-1.5|96535921522141175388587753211479073906704629774184059187509460199700960666806,spread,-1,-1,True
mlb-sd-sf-2026-09-13,mlb-sd-sf-2026-09-13|spread|-1.5|96535921522141175388587753211479073906704629774184059187509460199700960666806,spread,-1,1,False
mlb-sd-tb-2026-08-28,mlb-sd-tb-2026-08-28|moneyline|None|107275218843780281910788581359499089092665471110945657194309349438715001195542,moneyline,-1,-1,True
mlb-sd-tb-2026-08-28,mlb-sd-tb-2026-08-28|moneyline|None|107275218843780281910788581359499089092665471110945657194309349438715001195542,moneyline,-1,-1,True
mlb-sd-tb-2026-08-28,mlb-sd-tb-2026-08-28|spread|-2.5|75929075287565742946227578315342159018725237707622627101688662924736066315263,spread,-1,1,False
mlb-sd-tb-2026-08-28,mlb-sd-tb-2026-08-28|spread|-2.5|75929075287565742946227578315342159018725237707622627101688662924736066315263,spread,-1,1,False
mlb-sd-tb-2026-08-30,mlb-sd-tb-2026-08-30|moneyline|nan|27908995320484703437757442267653693370628497092214175083166752177685505408439,moneyline,1,1,True
mlb-sd-tb-2026-08-30,mlb-sd-tb-2026-08-30|moneyline|nan|27908995320484703437757442267653693370628497092214175083166752177685505408439,moneyline,1,1,True
mlb-sd-tb-2026-08-30,mlb-sd-tb-2026-08-30|moneyline|nan|27908995320484703437757442267653693370628497092214175083166752177685505408439,moneyline,1,1,True
mlb-sd-tb-2026-08-30,mlb-sd-tb-2026-08-30|moneyline|nan|27908995320484703437757442267653693370628497092214175083166752177685505408439,moneyline,1,-1,False
mlb-sd-tb-2026-08-30,mlb-sd-tb-2026-08-30|moneyline|nan|27908995320484703437757442267653693370628497092214175083166752177685505408439,moneyline,1,1,True
mlb-sd-tb-2026-08-30,mlb-sd-tb-2026-08-30|moneyline|nan|27908995320484703437757442267653693370628497092214175083166752177685505408439,moneyline,1,-1,False
mlb-sd-tb-2026-08-30,mlb-sd-tb-2026-08-30|moneyline|nan|27908995320484703437757442267653693370628497092214175083166752177685505408439,moneyline,-1,-1,True
mlb-sd-tb-2026-08-30,mlb-sd-tb-2026-08-30|moneyline|nan|27908995320484703437757442267653693370628497092214175083166752177685505408439,moneyline,1,-1,False
mlb-sd-tb-2026-08-30,mlb-sd-tb-2026-08-30|moneyline|nan|27908995320484703437757442267653693370628497092214175083166752177685505408439,moneyline,1,-1,False
mlb-sd-tb-2026-08-30,mlb-sd-tb-2026-08-30|moneyline|nan|27908995320484703437757442267653693370628497092214175083166752177685505408439,moneyline,1,1,True
mlb-sd-tb-2026-08-30,mlb-sd-tb-2026-08-30|moneyline|nan|27908995320484703437757442267653693370628497092214175083166752177685505408439,moneyline,1,-1,False
mlb-sd-tb-2026-08-30,mlb-sd-tb-2026-08-30|spread|-2.5|46617630634635806901642073348773249365633923466898386618893470231641757004817,spread,-1,1,False
mlb-sd-tb-2026-08-30,mlb-sd-tb-2026-08-30|spread|-2.5|46617630634635806901642073348773249365633923466898386618893470231641757004817,spread,-1,-1,True
mlb-sd-tb-2026-08-30,mlb-sd-tb-2026-08-30|spread|-2.5|46617630634635806901642073348773249365633923466898386618893470231641757004817,spread,-1,-1,True
mlb-sea-tor-2026-08-28,mlb-sea-tor-2026-08-28|spread|-2.5|85980890587190683068243562457252443213676619141290854431172105126635592834439,spread,-1,-1,True
mlb-tb-atl-2026-09-10,mlb-tb-atl-2026-09-10|moneyline|None|4220092698496217458328832377012206217748615097133952101037492792784606553551,moneyline,1,-1,False
mlb-tb-atl-2026-09-10,mlb-tb-atl-2026-09-10|moneyline|None|4220092698496217458328832377012206217748615097133952101037492792784606553551,moneyline,1,-1,False
mlb-tb-atl-2026-09-10,mlb-tb-atl-2026-09-10|moneyline|None|4220092698496217458328832377012206217748615097133952101037492792784606553551,moneyline,1,-1,False
mlb-tb-atl-2026-09-10,mlb-tb-atl-2026-09-10|moneyline|None|4220092698496217458328832377012206217748615097133952101037492792784606553551,moneyline,-1,1,False
mlb-tb-atl-2026-09-10,mlb-tb-atl-2026-09-10|spread|-1.5|81831608522881553173806090757222198668905219231954025794169494232251433938082,spread,1,1,True
mlb-tb-atl-2026-09-10,mlb-tb-atl-2026-09-10|spread|-1.5|81831608522881553173806090757222198668905219231954025794169494232251433938082,spread,-1,1,False
mlb-tb-atl-2026-09-10,mlb-tb-atl-2026-09-10|spread|-1.5|81831608522881553173806090757222198668905219231954025794169494232251433938082,spread,-1,-1,True
mlb-tex-mil-2026-08-28,mlb-tex-mil-2026-08-28|moneyline|None|96889546271367909685778880514560230743503337000988827993408398680323819271678,moneyline,1,-1,False
mlb-tex-mil-2026-08-28,mlb-tex-mil-2026-08-28|spread|-1.5|43328300253956173263113097213679696199174225249141234170181426615045426243178,spread,-1,1,False
mlb-tex-mil-2026-08-28,mlb-tex-mil-2026-08-28|spread|-1.5|43328300253956173263113097213679696199174225249141234170181426615045426243178,spread,1,1,True
mlb-tex-mil-2026-08-28,mlb-tex-mil-2026-08-28|spread|-2.5|27550175098312578333159114880947506484353686657011751536097017775903810160996,spread,-1,1,False
mlb-tex-mil-2026-08-30,mlb-tex-mil-2026-08-30|moneyline|nan|67988394039701169747078308644298378972730564100496944390465743644389807331536,moneyline,1,1,True
mlb-tex-mil-2026-08-30,mlb-tex-mil-2026-08-30|moneyline|nan|67988394039701169747078308644298378972730564100496944390465743644389807331536,moneyline,1,1,True
mlb-tex-sea-2026-09-10,mlb-tex-sea-2026-09-10|spread|-1.5|48478732587613248016258914820752963874060926025431703360841502300692090636009,spread,-1,1,False
