slug,ts,signed,market_type,lag_s,null_lag_s
mlb-bal-tor-2026-09-11,1789168249200.0,-1,total,165.599,3.44342919921875
mlb-bal-tor-2026-09-11,1789168358000.0,-1,total,97.485,110.74035571289062
mlb-bal-tor-2026-09-11,1789168814800.0,-1,total,72.847,48.435686767578126
mlb-bal-tor-2026-09-11,1789169090400.0,1,total,132.239,97.37656420898438
mlb-bal-tor-2026-09-11,1789169156200.0,-1,total,37.236,60.515093017578124
mlb-bal-tor-2026-09-11,1789169613000.0,1,total,82.994,137.69901977539064
mlb-bal-tor-2026-09-11,1789171111600.0,-1,total,62.647,190.20591381835936
mlb-bal-tor-2026-09-11,1789171468400.0,-1,total,51.007,29.7708291015625
mlb-bal-tor-2026-09-11,1789172602600.0,1,total,159.341,174.50146728515625
mlb-bal-tor-2026-09-11,1789172666800.0,-1,total,49.547,24.256771484375
mlb-bal-tor-2026-09-11,1789172965800.0,-1,total,129.619,85.5825478515625
mlb-bal-tor-2026-09-11,1789173077800.0,-1,total,66.048,
mlb-bal-tor-2026-09-11,1789168211400.0,1,spread,127.799,72.52913818359374
mlb-bal-tor-2026-09-11,1789169070600.0,1,spread,112.439,85.98598852539062
mlb-bal-tor-2026-09-11,1789171661600.0,-1,spread,6.061,31.312590087890626
mlb-bal-tor-2026-09-11,1789171691600.0,1,spread,36.061,63.608880126953125
mlb-bal-tor-2026-09-11,1789173709600.0,1,spread,141.287,128.56399096679687
mlb-bal-tor-2026-09-11,1789175031600.0,-1,spread,331.652,153.50509692382812
mlb-bal-tor-2026-09-11,1789168254200.0,-1,moneyline,170.599,74.15130102539062
mlb-bal-tor-2026-09-11,1789169071400.0,1,moneyline,113.239,1.5607197265625
mlb-bal-tor-2026-09-11,1789169245000.0,1,moneyline,7.308,34.887760986328125
mlb-bal-tor-2026-09-11,1789169494400.0,-1,moneyline,18.732,107.63120190429687
mlb-bal-tor-2026-09-11,1789169707600.0,-1,moneyline,46.117,111.9270703125
mlb-bal-tor-2026-09-11,1789169737600.0,1,moneyline,76.117,102.69014453125
mlb-bal-tor-2026-09-11,1789169767600.0,1,moneyline,106.117,29.8309677734375
mlb-bal-tor-2026-09-11,1789169833000.0,1,moneyline,47.739,88.114515625
mlb-bal-tor-2026-09-11,1789170460200.0,1,moneyline,105.93,182.3493330078125
mlb-bal-tor-2026-09-11,1789171512800.0,1,moneyline,95.407,23.45679345703125
mlb-bal-tor-2026-09-11,1789174560400.0,-1,moneyline,144.256,102.61320068359375
mlb-bal-tor-2026-09-11,1789175057600.0,1,moneyline,357.652,17.72263330078125
mlb-bal-tor-2026-09-11,1789175625000.0,1,moneyline,83.163,1.06369482421875
mlb-bal-tor-2026-09-11,1789176174400.0,1,moneyline,164.774,138.9989296875
mlb-bal-tor-2026-09-11,1789168020600.0,-1,spread,,93.83044604492187
mlb-bal-tor-2026-09-11,1789168132400.0,-1,spread,48.799,321.6862578125
mlb-bal-tor-2026-09-11,1789168179600.0,-1,spread,95.999,106.67620361328125
mlb-bal-tor-2026-09-11,1789168400600.0,1,spread,30.845,176.33006372070312
mlb-bal-tor-2026-09-11,1789169754400.0,-1,spread,92.917,60.511988037109376
mlb-bal-tor-2026-09-11,1789170388600.0,-1,spread,34.33,88.2311494140625
mlb-bal-tor-2026-09-11,1789171113400.0,1,spread,64.447,14.272661376953126
mlb-bal-tor-2026-09-11,1789171228600.0,1,spread,34.115,75.108470703125
mlb-bal-tor-2026-09-11,1789172604400.0,-1,spread,161.141,82.60886547851563
mlb-bal-tor-2026-09-11,1789173423000.0,-1,spread,301.782,94.9388232421875
mlb-bal-tor-2026-09-11,1789175350000.0,-1,spread,135.178,70.50477294921875
mlb-bal-tor-2026-09-11,1789171405400.0,1,total,210.915,105.07036791992188
mlb-bal-tor-2026-09-11,1789171518000.0,-1,total,100.607,18.104133544921876
mlb-bal-tor-2026-09-11,1789172593800.0,-1,total,150.541,95.8632021484375
mlb-bal-tor-2026-09-11,1789173431600.0,1,total,310.382,136.52442456054686
mlb-bal-tor-2026-09-11,1789174374400.0,-1,total,59.726,105.53877709960938
mlb-bal-tor-2026-09-11,1789168358000.0,-1,total,97.485,93.8982880859375
mlb-bal-tor-2026-09-11,1789169778200.0,1,total,116.717,90.61975122070312
mlb-bal-tor-2026-09-11,1789171282600.0,1,total,88.115,5.669136474609375
mlb-bal-tor-2026-09-11,1789173243000.0,1,total,121.782,60.2433271484375
mlb-bal-tor-2026-09-11,1789173666800.0,-1,total,98.487,22.669382080078126
mlb-bal-tor-2026-09-11,1789175793600.0,1,total,10.388,111.57178247070313
mlb-bal-tor-2026-09-11,1789177724200.0,1,total,209.423,87.6605087890625
mlb-cle-min-2026-09-11,1789171910800.0,1,moneyline,,57.34356787109375
mlb-cle-min-2026-09-11,1789172813600.0,1,moneyline,85.482,1.6420419921875
mlb-cle-min-2026-09-11,1789172865600.0,-1,moneyline,16.758,46.47137451171875
mlb-cle-min-2026-09-11,1789173532600.0,1,moneyline,195.224,51.235428466796876
mlb-cle-min-2026-09-11,1789174990200.0,-1,moneyline,4.827,24.83013525390625
mlb-cle-min-2026-09-11,1789175035800.0,1,moneyline,50.427,61.02168701171875
mlb-cle-min-2026-09-11,1789175065800.0,1,moneyline,80.427,44.156206787109376
mlb-cle-min-2026-09-11,1789175272000.0,-1,moneyline,169.229,78.81387377929687
mlb-cle-min-2026-09-11,1789176530000.0,1,moneyline,174.011,148.3101123046875
mlb-cle-min-2026-09-11,1789176802200.0,-1,moneyline,81.414,156.62909399414062
mlb-cle-min-2026-09-11,1789177522600.0,-1,moneyline,29.676,217.42422290039062
mlb-cle-min-2026-09-11,1789178106800.0,1,moneyline,19.094,54.0542998046875
mlb-cle-min-2026-09-11,1789178182000.0,1,moneyline,35.363,34.717698486328125
mlb-cle-min-2026-09-11,1789178325200.0,-1,moneyline,83.178,20.79184521484375
mlb-cle-min-2026-09-11,1789178979600.0,1,moneyline,23.297,103.66058862304688
mlb-cle-min-2026-09-11,1789180669400.0,1,moneyline,100.892,35.15953149414062
mlb-cle-min-2026-09-11,1789180708000.0,-1,moneyline,139.492,76.46991870117188
mlb-cle-min-2026-09-11,1789180837000.0,1,moneyline,43.959,59.71117651367187
mlb-cle-min-2026-09-11,1789174157000.0,-1,spread,19.982,157.92437084960937
mlb-cle-min-2026-09-11,1789181785200.0,-1,spread,53.193,30.24722265625
mlb-cle-min-2026-09-11,1789172907800.0,1,total,58.958,47.917533203125
mlb-cle-min-2026-09-11,1789175638200.0,-1,total,105.387,9.194710693359376
mlb-cle-min-2026-09-11,1789177571800.0,-1,total,78.876,4.773931396484375
mlb-cle-min-2026-09-11,1789178771000.0,-1,total,167.231,102.165423828125
mlb-cle-min-2026-09-11,1789181211000.0,-1,total,32.116,97.4807236328125
mlb-cle-min-2026-09-11,1789172105800.0,1,spread,19.004,39.63571020507813
mlb-cle-min-2026-09-11,1789175212400.0,1,spread,109.629,5.826664306640625
mlb-cle-min-2026-09-11,1789177301200.0,1,spread,71.166,145.08499462890626
mlb-cle-min-2026-09-11,1789174193800.0,1,spread,56.782,39.2343232421875
mlb-cle-min-2026-09-11,1789175734000.0,1,spread,35.496,160.7927189941406
mlb-cle-min-2026-09-11,1789176132200.0,1,spread,70.44,82.44758129882813
mlb-cle-min-2026-09-11,1789176751800.0,-1,spread,31.014,149.817234375
mlb-cle-min-2026-09-11,1789178190000.0,-1,spread,43.363,124.90516943359376
mlb-cle-min-2026-09-11,1789177698000.0,1,spread,205.076,44.856794189453126
mlb-cle-min-2026-09-11,1789181639000.0,1,spread,161.691,28.4498720703125
mlb-cle-min-2026-09-11,1789171916200.0,1,total,,79.1298408203125
mlb-cle-min-2026-09-11,1789172488800.0,-1,total,89.151,97.88236987304687
mlb-cle-min-2026-09-11,1789174086200.0,1,total,64.467,51.316937744140624
mlb-cle-min-2026-09-11,1789175638200.0,-1,total,105.387,240.00670703125
mlb-cle-min-2026-09-11,1789175687000.0,-1,total,154.187,122.2033037109375
mlb-cle-min-2026-09-11,1789176167200.0,1,total,105.44,183.79219750976563
mlb-cle-min-2026-09-11,1789178601800.0,1,total,53.84,42.3793623046875
mlb-cle-min-2026-09-11,1789179231600.0,-1,total,150.663,37.616959228515626
mlb-cle-min-2026-09-11,1789179505000.0,-1,total,151.718,129.8716513671875
mlb-cle-min-2026-09-11,1789172964000.0,-1,total,115.158,4.438122802734375
mlb-cle-min-2026-09-11,1789174053600.0,1,total,31.867,110.7877548828125
mlb-cle-min-2026-09-11,1789174214400.0,-1,total,77.382,68.32515771484375
mlb-cle-min-2026-09-11,1789175638200.0,-1,total,105.387,101.33658642578125
mlb-cle-min-2026-09-11,1789176041200.0,1,total,196.715,40.68120971679687
mlb-cle-min-2026-09-11,1789179526600.0,1,total,173.318,72.7277607421875
mlb-col-det-2026-09-11,1789166940600.0,1,moneyline,188.216,18.427369384765626
mlb-col-det-2026-09-11,1789168766200.0,1,moneyline,222.638,28.748577392578124
mlb-col-det-2026-09-11,1789169078800.0,-1,moneyline,141.271,134.50961865234376
mlb-col-det-2026-09-11,1789169172200.0,-1,moneyline,81.977,117.24373583984375
mlb-col-det-2026-09-11,1789169635400.0,1,moneyline,109.537,334.7481115722656
mlb-col-det-2026-09-11,1789170102400.0,-1,moneyline,61.9,41.32859033203125
mlb-col-det-2026-09-11,1789170202200.0,1,moneyline,99.071,5.287935546875
mlb-col-det-2026-09-11,1789170414600.0,-1,moneyline,143.717,216.88286596679689
mlb-col-det-2026-09-11,1789170458000.0,1,moneyline,27.318,46.9757626953125
mlb-col-det-2026-09-11,1789170542400.0,-1,moneyline,111.718,35.092339599609375
mlb-col-det-2026-09-11,1789170864200.0,1,moneyline,54.692,184.0979111328125
mlb-col-det-2026-09-11,1789170918400.0,-1,moneyline,108.892,116.87470727539062
mlb-col-det-2026-09-11,1789171433600.0,-1,moneyline,129.639,41.14645483398437
mlb-col-det-2026-09-11,1789171520800.0,-1,moneyline,75.13,7.454683349609375
mlb-col-det-2026-09-11,1789172055600.0,1,moneyline,87.417,46.74650073242187
mlb-col-det-2026-09-11,1789172282000.0,-1,moneyline,163.836,26.451384521484375
mlb-col-det-2026-09-11,1789167488000.0,-1,spread,127.41,32.01171118164063
mlb-col-det-2026-09-11,1789167846200.0,-1,spread,139.742,129.1892607421875
mlb-col-det-2026-09-11,1789167912600.0,-1,spread,22.328,86.54612158203125
mlb-col-det-2026-09-11,1789170035400.0,1,spread,37.228,6.39681982421875
mlb-col-det-2026-09-11,1789170382000.0,-1,spread,111.117,180.404732421875
mlb-col-det-2026-09-11,1789170983600.0,1,spread,40.925,128.98167993164063
mlb-col-det-2026-09-11,1789171027600.0,1,spread,84.925,34.70239111328125
mlb-col-det-2026-09-11,1789172358800.0,-1,spread,240.636,33.7542783203125
mlb-col-det-2026-09-11,1789172395800.0,1,spread,277.636,63.80991821289062
mlb-col-det-2026-09-11,1789172867400.0,1,spread,132.754,34.81041137695313
mlb-col-det-2026-09-11,1789166587200.0,-1,total,48.719,11.4992490234375
mlb-col-det-2026-09-11,1789167670800.0,-1,total,60.209,93.67993237304688
mlb-col-det-2026-09-11,1789168117200.0,1,total,71.793,70.36032568359374
mlb-col-det-2026-09-11,1789168437800.0,-1,total,25.175,64.64375463867188
mlb-col-det-2026-09-11,1789169215600.0,1,total,33.373,31.39548681640625
mlb-col-det-2026-09-11,1789169855600.0,-1,total,21.607,21.4191103515625
mlb-col-det-2026-09-11,1789170240800.0,-1,total,137.671,153.17257055664064
mlb-col-det-2026-09-11,1789171149600.0,1,total,110.888,64.80671044921876
mlb-col-det-2026-09-11,1789171185400.0,-1,total,146.688,67.376861328125
mlb-col-det-2026-09-11,1789171293200.0,-1,total,60.974,60.092904052734376
mlb-col-det-2026-09-11,1789174302800.0,-1,total,58.792,2.81029052734375
mlb-col-det-2026-09-11,1789175215800.0,1,total,98.65,71.74035791015625
mlb-col-det-2026-09-11,1789172244000.0,-1,spread,125.836,130.71707495117187
mlb-col-det-2026-09-11,1789173476200.0,1,spread,28.3,140.2832841796875
mlb-col-det-2026-09-11,1789174753400.0,-1,spread,199.507,105.27370849609375
mlb-col-det-2026-09-11,1789170034400.0,-1,spread,36.228,140.80657885742187
mlb-col-det-2026-09-11,1789168304400.0,-1,spread,158.557,12.07949072265625
mlb-col-det-2026-09-11,1789170484000.0,1,spread,53.318,54.32705639648437
mlb-col-det-2026-09-11,1789170827800.0,-1,spread,18.292,77.50613623046875
mlb-col-det-2026-09-11,1789166496200.0,-1,total,,49.4801416015625
mlb-col-det-2026-09-11,1789167512800.0,1,total,19.672,27.202482177734375
mlb-col-det-2026-09-11,1789168408200.0,-1,total,26.057,36.1196826171875
mlb-col-det-2026-09-11,1789169995000.0,-1,total,161.007,110.40416455078125
mlb-col-det-2026-09-11,1789171914800.0,-1,total,50.528,83.01199096679687
mlb-col-det-2026-09-11,1789173113000.0,1,total,203.915,64.16178735351562
mlb-col-det-2026-09-11,1789175184200.0,-1,total,67.05,79.01155346679687
mlb-col-det-2026-09-11,1789175214200.0,-1,total,97.05,54.609048583984375
mlb-col-det-2026-09-11,1789175677400.0,-1,total,15.915,0.209326904296875
mlb-col-det-2026-09-11,1789175714200.0,-1,total,13.067,98.69754956054688
mlb-col-det-2026-09-11,1789168938200.0,-1,total,0.671,7.970545654296875
mlb-col-det-2026-09-11,1789171174600.0,1,total,135.888,27.1752958984375
mlb-cws-stl-2026-09-11,1789176686000.0,-1,moneyline,129.297,104.07970043945312
mlb-cws-stl-2026-09-11,1789176860400.0,-1,moneyline,74.225,65.131943359375
mlb-cws-stl-2026-09-11,1789177305600.0,1,moneyline,6.527,44.88400732421875
mlb-cws-stl-2026-09-11,1789177723200.0,1,moneyline,137.278,9.849888671875
mlb-cws-stl-2026-09-11,1789178214600.0,1,moneyline,142.633,74.44630126953125
mlb-cws-stl-2026-09-11,1789178798600.0,1,moneyline,93.258,141.1540576171875
mlb-cws-stl-2026-09-11,1789179343000.0,1,moneyline,45.489,79.54867260742188
mlb-cws-stl-2026-09-11,1789179491400.0,-1,moneyline,62.896,9.33256103515625
mlb-cws-stl-2026-09-11,1789179719800.0,1,moneyline,140.993,19.940523193359375
mlb-cws-stl-2026-09-11,1789179964600.0,-1,moneyline,15.976,165.68677001953125
mlb-cws-stl-2026-09-11,1789180047000.0,-1,moneyline,98.376,73.48522607421874
mlb-cws-stl-2026-09-11,1789180922600.0,-1,moneyline,156.658,24.338705322265625
mlb-cws-stl-2026-09-11,1789182743600.0,-1,moneyline,239.87,68.69114892578125
mlb-cws-stl-2026-09-11,1789183193200.0,1,moneyline,144.655,314.6933420410156
mlb-cws-stl-2026-09-11,1789183958800.0,1,moneyline,132.473,19.01843994140625
mlb-cws-stl-2026-09-11,1789184153800.0,-1,moneyline,187.362,173.49109619140626
mlb-cws-stl-2026-09-11,1789184183800.0,-1,moneyline,24.764,120.04604638671876
mlb-cws-stl-2026-09-11,1789179463600.0,1,spread,35.096,27.476209228515625
mlb-cws-stl-2026-09-11,1789180530200.0,-1,spread,32.804,119.43279809570312
mlb-cws-stl-2026-09-11,1789181524200.0,-1,spread,71.74,81.80915747070313
mlb-cws-stl-2026-09-11,1789179239800.0,1,total,119.449,39.10033032226563
mlb-cws-stl-2026-09-11,1789179993800.0,-1,total,45.176,38.52741918945313
mlb-cws-stl-2026-09-11,1789180273000.0,-1,total,127.003,24.3383828125
mlb-cws-stl-2026-09-11,1789180732000.0,1,total,89.513,90.2577109375
mlb-cws-stl-2026-09-11,1789182695000.0,1,total,191.27,182.619423828125
mlb-cws-stl-2026-09-11,1789178408000.0,-1,spread,84.809,130.43883178710936
mlb-cws-stl-2026-09-11,1789176356600.0,-1,spread,2.786,48.6361728515625
mlb-cws-stl-2026-09-11,1789179489800.0,-1,spread,61.296,97.71218310546875
mlb-cws-stl-2026-09-11,1789182102400.0,1,spread,124.694,27.9571865234375
mlb-cws-stl-2026-09-11,1789179251800.0,1,spread,131.449,97.2969970703125
mlb-cws-stl-2026-09-11,1789179993800.0,1,spread,45.176,74.0605390625
mlb-cws-stl-2026-09-11,1789180160800.0,-1,spread,14.803,95.81383642578125
mlb-cws-stl-2026-09-11,1789182029200.0,-1,spread,51.494,49.171772705078126
mlb-cws-stl-2026-09-11,1789183221800.0,1,spread,16.586,35.386771240234374
mlb-cws-stl-2026-09-11,1789183819000.0,-1,spread,123.721,60.33904809570313
mlb-cws-stl-2026-09-11,1789184528400.0,-1,spread,127.96,17.56635693359375
mlb-cws-stl-2026-09-11,1789185336800.0,-1,spread,40.642,16.151763427734377
mlb-cws-stl-2026-09-11,1789178232200.0,1,total,160.233,19.791828369140624
mlb-cws-stl-2026-09-11,1789179569800.0,-1,total,141.296,107.05403002929687
mlb-cws-stl-2026-09-11,1789180632800.0,-1,total,135.404,27.221788818359375
mlb-cws-stl-2026-09-11,1789181564200.0,-1,total,111.74,11.167677978515625
mlb-cws-stl-2026-09-11,1789178693600.0,-1,total,19.132,36.73645971679687
mlb-cws-stl-2026-09-11,1789180289200.0,-1,total,7.435,91.8928125
mlb-cws-stl-2026-09-11,1789182187000.0,-1,total,62.565,130.86925170898436
mlb-cws-stl-2026-09-11,1789182261000.0,1,total,136.565,209.49686083984375
mlb-hou-tb-2026-09-11,1789168422000.0,-1,moneyline,0.862,49.39602758789062
mlb-hou-tb-2026-09-11,1789169778200.0,-1,moneyline,144.043,60.3912841796875
mlb-hou-tb-2026-09-11,1789170143600.0,1,moneyline,138.446,171.00923657226562
mlb-hou-tb-2026-09-11,1789170250600.0,1,moneyline,245.446,130.6954716796875
mlb-hou-tb-2026-09-11,1789170507000.0,-1,moneyline,149.923,75.59919189453124
mlb-hou-tb-2026-09-11,1789170736400.0,-1,moneyline,152.141,110.78429760742188
mlb-hou-tb-2026-09-11,1789170810600.0,1,moneyline,226.341,20.379686279296877
mlb-hou-tb-2026-09-11,1789171057200.0,-1,moneyline,234.405,78.82210205078125
mlb-hou-tb-2026-09-11,1789171591400.0,1,moneyline,158.753,133.68731811523438
mlb-hou-tb-2026-09-11,1789172324000.0,-1,moneyline,42.859,84.16993212890625
mlb-hou-tb-2026-09-11,1789172472400.0,-1,moneyline,99.216,94.5510244140625
mlb-hou-tb-2026-09-11,1789173364400.0,-1,moneyline,293.575,3.845244873046875
mlb-hou-tb-2026-09-11,1789174146800.0,-1,moneyline,166.612,37.051463134765626
mlb-hou-tb-2026-09-11,1789174217000.0,-1,moneyline,57.017,26.187761474609374
mlb-hou-tb-2026-09-11,1789174715000.0,1,moneyline,119.436,7.980001220703125
mlb-hou-tb-2026-09-11,1789175036400.0,1,moneyline,152.555,60.12595166015625
mlb-hou-tb-2026-09-11,1789176150400.0,-1,moneyline,29.492,33.3627255859375
mlb-hou-tb-2026-09-11,1789176568200.0,1,moneyline,239.38,45.56838916015625
mlb-hou-tb-2026-09-11,1789170319000.0,-1,spread,54.806,32.57284521484375
mlb-hou-tb-2026-09-11,1789170581800.0,-1,spread,224.723,32.26802172851563
mlb-hou-tb-2026-09-11,1789171058200.0,1,spread,235.405,17.5507998046875
mlb-hou-tb-2026-09-11,1789176032800.0,-1,spread,25.932,48.2750498046875
mlb-hou-tb-2026-09-11,1789172476400.0,-1,total,103.216,106.22717651367188
mlb-hou-tb-2026-09-11,1789172713200.0,-1,total,70.422,17.540413330078124
mlb-hou-tb-2026-09-11,1789169080000.0,1,spread,133.687,226.3631433105469
mlb-hou-tb-2026-09-11,1789171594400.0,1,spread,161.753,11.896782958984375
mlb-hou-tb-2026-09-11,1789172026800.0,-1,spread,147.177,90.27700854492187
mlb-hou-tb-2026-09-11,1789170952200.0,-1,spread,129.405,119.9807880859375
mlb-hou-tb-2026-09-11,1789171056000.0,-1,spread,233.205,14.213312255859375
mlb-hou-tb-2026-09-11,1789171575400.0,-1,spread,142.753,109.86933227539062
mlb-hou-tb-2026-09-11,1789168299400.0,-1,total,,97.87617333984375
mlb-hou-tb-2026-09-11,1789169331800.0,-1,total,94.204,5.322103515625
mlb-hou-tb-2026-09-11,1789171424200.0,-1,total,120.64,145.90397265625
mlb-hou-tb-2026-09-11,1789173420600.0,-1,total,45.48,27.39376318359375
mlb-hou-tb-2026-09-11,1789174186800.0,-1,total,26.817,69.86766577148437
mlb-hou-tb-2026-09-11,1789169301200.0,-1,total,63.604,38.17779223632812
mlb-hou-tb-2026-09-11,1789169336800.0,-1,total,99.204,168.64079418945312
mlb-hou-tb-2026-09-11,1789171306000.0,1,total,2.44,142.50546997070313
mlb-kc-bos-2026-09-11,1789168607400.0,-1,moneyline,128.538,113.64042749023437
mlb-kc-bos-2026-09-11,1789169125800.0,1,moneyline,107.363,32.37975512695313
mlb-kc-bos-2026-09-11,1789169337800.0,1,moneyline,53.444,64.62129809570312
mlb-kc-bos-2026-09-11,1789170020400.0,1,moneyline,0.906,59.131615234375
mlb-kc-bos-2026-09-11,1789170593200.0,-1,moneyline,139.696,92.72162329101562
mlb-kc-bos-2026-09-11,1789172024400.0,1,moneyline,63.181,15.433685791015625
mlb-kc-bos-2026-09-11,1789173358800.0,1,moneyline,154.206,9.924365966796875
mlb-kc-bos-2026-09-11,1789173805400.0,1,moneyline,71.866,228.6274228515625
mlb-kc-bos-2026-09-11,1789174068600.0,-1,moneyline,138.349,9.98494775390625
mlb-kc-bos-2026-09-11,1789174441200.0,1,moneyline,29.688,91.45288159179688
mlb-kc-bos-2026-09-11,1789174475600.0,1,moneyline,64.088,58.41087890625
mlb-kc-bos-2026-09-11,1789174706600.0,-1,moneyline,20.76,6.052673095703125
mlb-kc-bos-2026-09-11,1789174920200.0,-1,moneyline,28.21,41.857517578125
mlb-kc-bos-2026-09-11,1789176527000.0,1,moneyline,12.097,64.84634985351562
mlb-kc-bos-2026-09-11,1789176557000.0,1,moneyline,42.097,81.805396484375
mlb-kc-bos-2026-09-11,1789176634800.0,-1,moneyline,119.897,68.02295239257812
mlb-kc-bos-2026-09-11,1789176774000.0,1,moneyline,259.097,137.17068359375
mlb-kc-bos-2026-09-11,1789176811600.0,1,moneyline,29.158,44.96214990234375
mlb-kc-bos-2026-09-11,1789176856800.0,1,moneyline,74.358,38.90588891601563
mlb-kc-bos-2026-09-11,1789176886800.0,1,moneyline,104.358,3.760097412109375
mlb-kc-bos-2026-09-11,1789177135200.0,1,moneyline,242.942,11.695075927734376
mlb-kc-bos-2026-09-11,1789169126000.0,-1,spread,107.563,24.888232421875
mlb-kc-bos-2026-09-11,1789171476000.0,1,spread,99.389,64.47403588867188
mlb-kc-bos-2026-09-11,1789173998000.0,-1,spread,67.749,242.08326611328124
mlb-kc-bos-2026-09-11,1789175957200.0,-1,spread,68.544,131.24962329101564
mlb-kc-bos-2026-09-11,1789168679800.0,1,total,59.321,58.34139013671875
mlb-kc-bos-2026-09-11,1789169342600.0,-1,total,58.244,43.1449765625
mlb-kc-bos-2026-09-11,1789170752600.0,-1,total,152.094,27.85888232421875
mlb-kc-bos-2026-09-11,1789172990000.0,1,total,95.497,23.066067138671876
mlb-kc-bos-2026-09-11,1789173096600.0,1,total,103.578,123.45165112304687
mlb-kc-bos-2026-09-11,1789174405000.0,-1,total,130.927,118.62181567382812
mlb-kc-bos-2026-09-11,1789175201400.0,-1,total,62.761,172.10129150390625
mlb-kc-bos-2026-09-11,1789168930600.0,-1,spread,0.776,71.74028564453126
mlb-kc-bos-2026-09-11,1789171495000.0,1,spread,118.389,99.3267734375
mlb-kc-bos-2026-09-11,1789170512000.0,1,spread,58.496,47.88536303710937
mlb-kc-bos-2026-09-11,1789172349200.0,-1,spread,314.028,156.53699853515624
mlb-kc-bos-2026-09-11,1789176200800.0,1,spread,156.198,140.09688500976563
mlb-kc-bos-2026-09-11,1789176471400.0,-1,spread,47.864,65.94608715820313
mlb-kc-bos-2026-09-11,1789177090000.0,1,spread,197.742,6.791294921875
mlb-kc-bos-2026-09-11,1789177625400.0,-1,spread,50.693,150.552322265625
mlb-kc-bos-2026-09-11,1789171172600.0,-1,spread,181.476,3.071328857421875
mlb-kc-bos-2026-09-11,1789172478600.0,-1,spread,2.421,76.6809404296875
mlb-kc-bos-2026-09-11,1789173447600.0,1,spread,75.503,119.77117065429688
mlb-kc-bos-2026-09-11,1789177319000.0,-1,spread,179.032,20.30139892578125
mlb-kc-bos-2026-09-11,1789168611400.0,-1,total,132.538,105.25659375
mlb-kc-bos-2026-09-11,1789169528600.0,-1,total,23.807,101.69668432617188
mlb-kc-bos-2026-09-11,1789170396400.0,-1,total,37.295,135.51945874023437
mlb-kc-bos-2026-09-11,1789170498000.0,1,total,44.496,6.97067431640625
mlb-kc-bos-2026-09-11,1789171525000.0,-1,total,148.389,111.71818627929687
mlb-kc-bos-2026-09-11,1789168927200.0,-1,total,159.473,68.4122607421875
mlb-kc-bos-2026-09-11,1789168976200.0,-1,total,46.376,77.55358862304688
mlb-laa-wsh-2026-09-11,1789167433000.0,-1,moneyline,170.949,16.436703369140623
mlb-laa-wsh-2026-09-11,1789167535600.0,1,moneyline,91.555,23.6068212890625
mlb-laa-wsh-2026-09-11,1789167679400.0,-1,moneyline,132.366,83.27379028320313
mlb-laa-wsh-2026-09-11,1789167891400.0,1,moneyline,2.887,99.65540014648437
mlb-laa-wsh-2026-09-11,1789168976400.0,-1,moneyline,151.189,101.65372119140625
mlb-laa-wsh-2026-09-11,1789169699200.0,1,moneyline,33.08,97.8183076171875
mlb-laa-wsh-2026-09-11,1789170308800.0,1,moneyline,137.845,89.03909375
mlb-laa-wsh-2026-09-11,1789170428200.0,-1,moneyline,107.45,27.690567138671874
mlb-laa-wsh-2026-09-11,1789170583000.0,-1,moneyline,143.675,158.11044653320312
mlb-laa-wsh-2026-09-11,1789170643200.0,-1,moneyline,4.684,119.85742504882812
mlb-laa-wsh-2026-09-11,1789170724000.0,1,moneyline,85.484,32.116132080078124
mlb-laa-wsh-2026-09-11,1789170997600.0,1,moneyline,60.526,1.8211279296875
mlb-laa-wsh-2026-09-11,1789171082200.0,1,moneyline,52.237,44.74976708984375
mlb-laa-wsh-2026-09-11,1789171386000.0,-1,moneyline,59.711,49.24520166015625
mlb-laa-wsh-2026-09-11,1789171716800.0,1,moneyline,200.109,33.750662109375
mlb-laa-wsh-2026-09-11,1789171841000.0,-1,moneyline,324.309,39.580843017578125
mlb-laa-wsh-2026-09-11,1789172017200.0,1,moneyline,165.347,45.41193579101562
mlb-laa-wsh-2026-09-11,1789172061000.0,1,moneyline,33.006,83.95694067382813
mlb-laa-wsh-2026-09-11,1789172324400.0,-1,moneyline,23.029,144.79896411132813
mlb-laa-wsh-2026-09-11,1789172458200.0,-1,moneyline,116.419,59.77546850585937
mlb-laa-wsh-2026-09-11,1789172546800.0,-1,moneyline,77.715,108.511349609375
mlb-laa-wsh-2026-09-11,1789173390400.0,1,moneyline,137.296,64.334068359375
mlb-laa-wsh-2026-09-11,1789173437400.0,1,moneyline,184.296,82.99280126953126
mlb-laa-wsh-2026-09-11,1789173589600.0,1,moneyline,92.222,2.238556884765625
mlb-laa-wsh-2026-09-11,1789173693400.0,1,moneyline,196.022,115.28027905273437
mlb-laa-wsh-2026-09-11,1789174008400.0,-1,moneyline,307.539,79.52588012695313
mlb-laa-wsh-2026-09-11,1789174367400.0,1,moneyline,301.145,120.432130859375
mlb-laa-wsh-2026-09-11,1789174856000.0,-1,moneyline,172.758,12.37306396484375
mlb-laa-wsh-2026-09-11,1789175418000.0,-1,moneyline,305.611,195.65460961914061
mlb-laa-wsh-2026-09-11,1789175651800.0,1,moneyline,61.482,38.85936743164063
mlb-laa-wsh-2026-09-11,1789175711200.0,-1,moneyline,53.413,74.49436474609375
mlb-laa-wsh-2026-09-11,1789176069200.0,1,moneyline,129.347,200.85754541015626
mlb-laa-wsh-2026-09-11,1789176262800.0,-1,moneyline,183.736,163.14068505859376
mlb-laa-wsh-2026-09-11,1789176471400.0,-1,moneyline,171.275,56.625846435546876
mlb-laa-wsh-2026-09-11,1789170933800.0,-1,total,295.284,115.6065791015625
mlb-laa-wsh-2026-09-11,1789170997200.0,-1,total,60.126,66.29637377929687
mlb-laa-wsh-2026-09-11,1789173891400.0,-1,total,190.539,53.36654345703125
mlb-laa-wsh-2026-09-11,1789176717600.0,1,total,72.508,108.918962890625
mlb-laa-wsh-2026-09-11,1789167439200.0,1,spread,177.149,124.59637890625
mlb-laa-wsh-2026-09-11,1789169360200.0,-1,spread,143.091,44.87157421875
mlb-laa-wsh-2026-09-11,1789172353000.0,1,spread,11.219,77.60578662109376
mlb-laa-wsh-2026-09-11,1789173905600.0,-1,spread,204.739,44.927791015625
mlb-laa-wsh-2026-09-11,1789167528200.0,1,spread,84.155,52.46280053710937
mlb-laa-wsh-2026-09-11,1789173490200.0,-1,spread,237.096,53.39620556640625
mlb-laa-wsh-2026-09-11,1789173486400.0,1,spread,233.296,101.73063647460937
mlb-laa-wsh-2026-09-11,1789175586800.0,-1,spread,48.516,41.68066577148438
mlb-laa-wsh-2026-09-11,1789168032000.0,1,total,143.487,21.48836865234375
mlb-laa-wsh-2026-09-11,1789169929800.0,-1,total,134.215,178.1656257324219
mlb-laa-wsh-2026-09-11,1789170997200.0,-1,total,60.126,61.84514794921875
mlb-laa-wsh-2026-09-11,1789172882400.0,-1,total,131.325,33.58959033203125
mlb-laa-wsh-2026-09-11,1789173446000.0,-1,total,192.896,54.6608603515625
mlb-laa-wsh-2026-09-11,1789175370200.0,-1,total,257.811,14.79542529296875
mlb-laa-wsh-2026-09-11,1789167463200.0,1,spread,19.155,62.90344775390625
mlb-laa-wsh-2026-09-11,1789173490000.0,1,spread,236.896,157.4368681640625
mlb-laa-wsh-2026-09-11,1789173659600.0,-1,spread,162.222,69.75314501953125
mlb-laa-wsh-2026-09-11,1789173745000.0,-1,spread,44.139,19.12157177734375
mlb-laa-wsh-2026-09-11,1789168707600.0,1,total,19.434,5.029118408203125
mlb-laa-wsh-2026-09-11,1789171087200.0,-1,total,57.237,196.21777416992188
mlb-laa-wsh-2026-09-11,1789173635000.0,1,total,137.622,12.584984375
mlb-lad-mia-2026-09-11,1789169875800.0,1,spread,132.844,119.61989501953126
mlb-lad-mia-2026-09-11,1789170172600.0,-1,spread,76.539,442.14561108398436
mlb-lad-mia-2026-09-11,1789170800400.0,-1,spread,46.27,24.362277587890624
mlb-lad-mia-2026-09-11,1789173890800.0,1,spread,25.995,121.979998046875
mlb-lad-mia-2026-09-11,1789176217000.0,1,spread,282.993,46.29184130859375
mlb-lad-mia-2026-09-11,1789168766400.0,-1,moneyline,40.446,120.389759765625
mlb-lad-mia-2026-09-11,1789168992000.0,1,moneyline,209.255,30.667179443359377
mlb-lad-mia-2026-09-11,1789170050600.0,-1,moneyline,152.833,8.650976318359374
mlb-lad-mia-2026-09-11,1789170080600.0,-1,moneyline,25.455,0.044386474609375
mlb-lad-mia-2026-09-11,1789170185800.0,1,moneyline,89.739,19.426900146484375
mlb-lad-mia-2026-09-11,1789170323400.0,1,moneyline,94.337,10.6444931640625
mlb-lad-mia-2026-09-11,1789170566800.0,1,moneyline,232.366,34.55433227539063
mlb-lad-mia-2026-09-11,1789170596800.0,1,moneyline,18.114,15.92526123046875
mlb-lad-mia-2026-09-11,1789171587800.0,-1,moneyline,153.085,75.81317602539062
mlb-lad-mia-2026-09-11,1789171727400.0,1,moneyline,131.626,83.94070483398437
mlb-lad-mia-2026-09-11,1789171953000.0,-1,moneyline,219.895,52.77216870117188
mlb-lad-mia-2026-09-11,1789172554800.0,1,moneyline,89.983,50.457512939453125
mlb-lad-mia-2026-09-11,1789172832200.0,-1,moneyline,109.919,25.082326904296874
mlb-lad-mia-2026-09-11,1789173587200.0,-1,moneyline,177.285,38.683853271484374
mlb-lad-mia-2026-09-11,1789174168000.0,1,moneyline,303.195,6.419068115234375
mlb-lad-mia-2026-09-11,1789175048800.0,1,moneyline,160.839,12.73692138671875
mlb-lad-mia-2026-09-11,1789175271400.0,-1,moneyline,209.119,49.46607885742188
mlb-lad-mia-2026-09-11,1789175339200.0,-1,moneyline,62.164,56.715663818359374
mlb-lad-mia-2026-09-11,1789170232800.0,-1,total,3.737,159.23841137695314
mlb-lad-mia-2026-09-11,1789177258800.0,-1,total,145.537,63.380719482421874
mlb-lad-mia-2026-09-11,1789177288800.0,1,total,175.537,151.75272875976563
mlb-lad-mia-2026-09-11,1789168580800.0,-1,spread,26.911,41.32807739257812
mlb-lad-mia-2026-09-11,1789168617800.0,-1,spread,63.911,144.0196374511719
mlb-lad-mia-2026-09-11,1789168655000.0,1,spread,101.111,98.6901630859375
mlb-lad-mia-2026-09-11,1789170323200.0,1,spread,94.137,66.46471118164062
mlb-lad-mia-2026-09-11,1789171342600.0,1,spread,33.915,123.39538110351563
mlb-lad-mia-2026-09-11,1789175820600.0,1,spread,204.025,21.14603662109375
mlb-lad-mia-2026-09-11,1789170172200.0,1,total,76.139,83.83889086914063
mlb-lad-mia-2026-09-11,1789170232800.0,-1,total,3.737,139.6327409667969
mlb-nym-nyy-2026-09-11,1789168790200.0,-1,moneyline,71.104,108.44209497070312
mlb-nym-nyy-2026-09-11,1789169244200.0,1,moneyline,251.331,142.05464038085938
mlb-nym-nyy-2026-09-11,1789169498000.0,1,moneyline,80.951,109.64051782226562
mlb-nym-nyy-2026-09-11,1789169631600.0,-1,moneyline,123.558,49.10216186523437
mlb-nym-nyy-2026-09-11,1789170973000.0,-1,moneyline,73.151,126.54802807617187
mlb-nym-nyy-2026-09-11,1789171255000.0,1,moneyline,20.774,1.76298876953125
mlb-nym-nyy-2026-09-11,1789172355600.0,1,moneyline,118.014,24.373111572265625
mlb-nym-nyy-2026-09-11,1789172877000.0,-1,moneyline,146.184,16.629705810546874
mlb-nym-nyy-2026-09-11,1789173189800.0,1,moneyline,0.43,56.95645068359375
mlb-nym-nyy-2026-09-11,1789175144800.0,1,moneyline,144.124,36.73532861328125
mlb-nym-nyy-2026-09-11,1789175320000.0,-1,moneyline,165.059,186.96772802734375
mlb-nym-nyy-2026-09-11,1789176858400.0,1,moneyline,21.146,253.67116455078124
mlb-nym-nyy-2026-09-11,1789177015800.0,-1,moneyline,178.546,86.10429809570313
mlb-nym-nyy-2026-09-11,1789177095800.0,-1,moneyline,41.275,137.29475610351562
mlb-nym-nyy-2026-09-11,1789177663000.0,-1,moneyline,156.393,
mlb-nym-nyy-2026-09-11,1789178113600.0,-1,moneyline,64.815,46.7740556640625
mlb-nym-nyy-2026-09-11,1789173281800.0,1,spread,92.43,151.35758374023436
mlb-nym-nyy-2026-09-11,1789175344000.0,-1,spread,189.059,66.2224541015625
mlb-nym-nyy-2026-09-11,1789168808600.0,1,total,89.504,80.03489111328125
mlb-nym-nyy-2026-09-11,1789170364600.0,1,total,152.522,67.53973388671875
mlb-nym-nyy-2026-09-11,1789168302600.0,1,spread,,87.05679296875
mlb-nym-nyy-2026-09-11,1789170740800.0,1,spread,171.145,28.227242431640626
mlb-nym-nyy-2026-09-11,1789171792600.0,-1,spread,76.755,145.33633984375
mlb-nym-nyy-2026-09-11,1789172962400.0,-1,spread,61.452,49.76814575195313
mlb-nym-nyy-2026-09-11,1789173036000.0,1,spread,69.536,191.257185546875
mlb-nym-nyy-2026-09-11,1789174295200.0,1,spread,62.039,77.8206279296875
mlb-nym-nyy-2026-09-11,1789174723400.0,-1,spread,71.131,143.07974267578126
mlb-nym-nyy-2026-09-11,1789168302600.0,-1,spread,,314.5873957519531
mlb-nym-nyy-2026-09-11,1789170010600.0,1,spread,68.355,169.7196376953125
mlb-nym-nyy-2026-09-11,1789170210800.0,-1,spread,268.555,85.4238173828125
mlb-nym-nyy-2026-09-11,1789170246200.0,1,spread,34.122,10.31675830078125
mlb-nym-nyy-2026-09-11,1789171776200.0,-1,spread,60.355,131.73993505859374
mlb-nym-nyy-2026-09-11,1789174786800.0,1,spread,134.531,57.1049267578125
mlb-nym-nyy-2026-09-11,1789168189600.0,-1,spread,,307.5998854980469
mlb-nym-nyy-2026-09-11,1789170357200.0,1,total,145.122,37.419050048828126
mlb-nym-nyy-2026-09-11,1789170740600.0,-1,total,170.945,217.46944580078124
mlb-nym-nyy-2026-09-11,1789170923600.0,-1,total,23.751,207.32597705078126
mlb-nym-nyy-2026-09-11,1789172063400.0,1,total,123.402,21.274421630859376
mlb-nym-nyy-2026-09-11,1789173967400.0,-1,total,45.638,138.32100512695314
mlb-nym-nyy-2026-09-11,1789174535600.0,1,total,164.502,27.90594140625
mlb-nym-nyy-2026-09-11,1789175092800.0,1,total,92.124,20.416103515625
mlb-nym-nyy-2026-09-11,1789168308000.0,-1,total,1.758,60.11217749023437
mlb-nym-nyy-2026-09-11,1789169122800.0,-1,total,129.931,51.77404760742188
mlb-phi-atl-2026-09-11,1789171978600.0,1,moneyline,30.857,40.4302158203125
mlb-phi-atl-2026-09-11,1789172803000.0,1,moneyline,30.298,187.7359033203125
mlb-phi-atl-2026-09-11,1789172962800.0,-1,moneyline,10.201,35.1413642578125
mlb-phi-atl-2026-09-11,1789173375000.0,1,moneyline,109.437,135.5301669921875
mlb-phi-atl-2026-09-11,1789173590600.0,1,moneyline,48.213,0.327068115234375
mlb-phi-atl-2026-09-11,1789173729600.0,1,moneyline,80.655,11.530034423828125
mlb-phi-atl-2026-09-11,1789173942000.0,-1,moneyline,200.814,28.8193779296875
mlb-phi-atl-2026-09-11,1789174306200.0,1,moneyline,220.978,54.732361572265624
mlb-phi-atl-2026-09-11,1789174530200.0,-1,moneyline,29.543,59.17473486328125
mlb-phi-atl-2026-09-11,1789174998000.0,-1,moneyline,65.323,7.376678466796875
mlb-phi-atl-2026-09-11,1789176945800.0,1,moneyline,174.869,1.6171572265625
mlb-phi-atl-2026-09-11,1789179107400.0,1,moneyline,74.25,83.09371997070312
mlb-phi-atl-2026-09-11,1789179272600.0,-1,moneyline,48.625,83.22901733398437
mlb-phi-atl-2026-09-11,1789179464000.0,1,moneyline,166.575,151.26744091796874
mlb-phi-atl-2026-09-11,1789180136800.0,1,moneyline,24.292,136.84830346679686
mlb-phi-atl-2026-09-11,1789180269200.0,-1,moneyline,8.998,22.05056494140625
mlb-phi-atl-2026-09-11,1789180513800.0,1,moneyline,62.309,55.98161279296875
mlb-phi-atl-2026-09-11,1789181292000.0,-1,moneyline,37.649,55.887650390625
mlb-phi-atl-2026-09-11,1789181324800.0,-1,moneyline,32.509,53.8163837890625
mlb-phi-atl-2026-09-11,1789181606600.0,1,moneyline,53.547,4.535560302734375
mlb-phi-atl-2026-09-11,1789182481600.0,1,moneyline,9.155,155.257736328125
mlb-phi-atl-2026-09-11,1789177777800.0,1,spread,302.362,10.378563720703125
mlb-phi-atl-2026-09-11,1789171626600.0,1,total,36.628,81.81830029296874
mlb-phi-atl-2026-09-11,1789172332400.0,-1,total,133.177,267.00440161132815
mlb-phi-atl-2026-09-11,1789173588400.0,-1,total,46.013,77.70783618164063
mlb-phi-atl-2026-09-11,1789173634200.0,1,total,91.813,12.60057080078125
mlb-phi-atl-2026-09-11,1789173732400.0,-1,total,83.455,29.658688232421873
mlb-phi-atl-2026-09-11,1789174620200.0,-1,total,6.088,63.50455712890625
mlb-phi-atl-2026-09-11,1789180336800.0,-1,total,76.598,46.586833740234376
mlb-phi-atl-2026-09-11,1789180757600.0,1,total,151.309,60.13503369140625
mlb-phi-atl-2026-09-11,1789181027000.0,1,total,51.248,37.13585473632813
mlb-phi-atl-2026-09-11,1789172684600.0,1,spread,109.367,21.511059814453127
mlb-phi-atl-2026-09-11,1789173729200.0,-1,spread,80.255,6.456164306640625
mlb-phi-atl-2026-09-11,1789174218800.0,1,spread,133.578,35.16316064453125
mlb-phi-atl-2026-09-11,1789174620000.0,1,spread,5.888,57.35572387695313
mlb-phi-atl-2026-09-11,1789178016200.0,1,spread,221.955,93.56729956054687
mlb-phi-atl-2026-09-11,1789172945600.0,1,spread,135.568,129.97394287109375
mlb-phi-atl-2026-09-11,1789173938200.0,-1,spread,197.014,27.47446435546875
mlb-phi-atl-2026-09-11,1789174608800.0,1,spread,108.143,34.94325048828125
mlb-phi-atl-2026-09-11,1789175356000.0,1,spread,24.855,87.54640283203125
mlb-phi-atl-2026-09-11,1789175619200.0,1,spread,55.658,132.75542944335936
mlb-phi-atl-2026-09-11,1789175756800.0,-1,spread,137.021,59.83014306640625
mlb-phi-atl-2026-09-11,1789177815000.0,1,spread,20.755,3.86548583984375
mlb-phi-atl-2026-09-11,1789178756400.0,1,spread,22.393,137.89521166992188
mlb-phi-atl-2026-09-11,1789179544400.0,-1,spread,61.667,89.52380908203125
mlb-phi-atl-2026-09-11,1789181319600.0,-1,spread,27.309,128.3294072265625
mlb-phi-atl-2026-09-11,1789174218800.0,1,spread,133.578,90.8528896484375
mlb-phi-atl-2026-09-11,1789173733400.0,-1,total,84.455,20.6352548828125
mlb-phi-atl-2026-09-11,1789173904000.0,-1,total,162.814,178.1008273925781
mlb-phi-atl-2026-09-11,1789174558200.0,1,total,57.543,94.68746606445312
mlb-phi-atl-2026-09-11,1789178648800.0,-1,total,136.852,46.36494799804687
mlb-phi-atl-2026-09-11,1789179483600.0,-1,total,0.867,117.07136157226563
mlb-phi-atl-2026-09-11,1789180200600.0,1,total,17.542,33.85672973632813
mlb-phi-atl-2026-09-11,1789173730200.0,-1,total,81.255,133.20758227539062
mlb-phi-atl-2026-09-11,1789174381000.0,1,total,6.813,211.27998022460937
mlb-phi-atl-2026-09-11,1789174928600.0,1,total,200.654,8.483302978515624
mlb-phi-atl-2026-09-11,1789176727200.0,1,total,76.497,2.712697998046875
mlb-phi-atl-2026-09-11,1789180951600.0,-1,total,92.709,33.214711669921876
mlb-phi-atl-2026-09-11,1789181041600.0,1,total,65.848,158.25747192382812
mlb-pit-chc-2026-09-11,1789151840400.0,-1,spread,13.489,41.8201748046875
mlb-pit-chc-2026-09-11,1789152318200.0,1,spread,40.796,49.109437255859376
mlb-pit-chc-2026-09-11,1789153850800.0,1,spread,22.882,89.74576245117187
mlb-pit-chc-2026-09-11,1789155519200.0,1,spread,142.54,82.22495263671875
mlb-pit-chc-2026-09-11,1789155572200.0,-1,spread,41.907,54.84318505859375
mlb-pit-chc-2026-09-11,1789150984200.0,1,moneyline,,5.898404541015625
mlb-pit-chc-2026-09-11,1789151063200.0,1,moneyline,24.881,5.323586181640625
mlb-pit-chc-2026-09-11,1789151093800.0,-1,moneyline,55.481,173.77908618164062
mlb-pit-chc-2026-09-11,1789151565000.0,-1,moneyline,103.159,294.76330712890626
mlb-pit-chc-2026-09-11,1789152266400.0,1,moneyline,273.951,291.58761254882813
mlb-pit-chc-2026-09-11,1789152358400.0,-1,moneyline,29.941,46.34332592773438
mlb-pit-chc-2026-09-11,1789152689800.0,-1,moneyline,81.329,146.06243701171874
mlb-pit-chc-2026-09-11,1789153041000.0,1,moneyline,195.33,217.26672216796874
mlb-pit-chc-2026-09-11,1789153105800.0,1,moneyline,54.13,
mlb-pit-chc-2026-09-11,1789153194000.0,-1,moneyline,74.625,49.45960034179687
mlb-pit-chc-2026-09-11,1789153224000.0,-1,moneyline,104.625,44.2783740234375
mlb-pit-chc-2026-09-11,1789153507200.0,-1,moneyline,156.183,12.403428466796875
mlb-pit-chc-2026-09-11,1789154517200.0,-1,moneyline,3.555,155.84501391601563
mlb-pit-chc-2026-09-11,1789154737400.0,1,moneyline,152.804,84.8191220703125
mlb-pit-chc-2026-09-11,1789155095400.0,-1,moneyline,27.197,48.4596162109375
mlb-pit-chc-2026-09-11,1789153692800.0,-1,total,7.969,93.0625
mlb-pit-chc-2026-09-11,1789153850800.0,1,total,22.882,244.58462353515625
mlb-pit-chc-2026-09-11,1789153968000.0,1,total,140.082,284.7089794921875
mlb-pit-chc-2026-09-11,1789152755000.0,-1,total,10.597,152.4222685546875
mlb-pit-chc-2026-09-11,1789153142200.0,-1,total,22.825,109.9027216796875
mlb-pit-chc-2026-09-11,1789154022600.0,-1,total,194.682,24.673359619140626
mlb-pit-chc-2026-09-11,1789154865000.0,-1,total,117.984,118.6982119140625
mlb-pit-chc-2026-09-11,1789150934000.0,-1,total,,23.75385205078125
mlb-pit-chc-2026-09-11,1789152583200.0,1,total,135.882,0.220643798828125
mlb-pit-chc-2026-09-11,1789155806800.0,1,total,74.671,6.3717109375
mlb-pit-chc-2026-09-11,1789153850800.0,1,spread,22.882,47.98755859375
mlb-pit-chc-2026-09-11,1789154355400.0,-1,spread,52.246,54.570757080078124
mlb-pit-chc-2026-09-11,1789153483800.0,1,spread,132.783,7.97233251953125
mlb-pit-chc-2026-09-11,1789150933600.0,-1,spread,,202.36871459960938
mlb-pit-chc-2026-09-11,1789151773800.0,-1,spread,197.893,63.3432578125
mlb-pit-chc-2026-09-11,1789151803800.0,-1,spread,24.085,98.59322631835937
mlb-pit-chc-2026-09-11,1789153527400.0,-1,spread,176.383,65.91211865234375
mlb-pit-chc-2026-09-11,1789153557400.0,1,spread,13.366,29.56654541015625
mlb-sd-sf-2026-09-11,1789179571400.0,1,moneyline,86.223,21.416755615234376
mlb-sd-sf-2026-09-11,1789180030800.0,-1,moneyline,75.718,164.7653967285156
mlb-sd-sf-2026-09-11,1789180060800.0,1,moneyline,105.718,38.878069091796874
mlb-sd-sf-2026-09-11,1789180413800.0,1,moneyline,123.095,166.45002978515626
mlb-sd-sf-2026-09-11,1789180694200.0,1,moneyline,180.817,130.36371240234374
mlb-sd-sf-2026-09-11,1789180828800.0,1,moneyline,123.806,11.2607470703125
mlb-sd-sf-2026-09-11,1789180860200.0,-1,moneyline,155.206,94.68411645507813
mlb-sd-sf-2026-09-11,1789180890200.0,-1,moneyline,185.206,104.44893115234375
mlb-sd-sf-2026-09-11,1789181674600.0,1,moneyline,43.854,139.61845678710938
mlb-sd-sf-2026-09-11,1789181980000.0,1,moneyline,292.897,44.00914306640625
mlb-sd-sf-2026-09-11,1789182315000.0,1,moneyline,169.489,81.1178359375
mlb-sd-sf-2026-09-11,1789182472800.0,1,moneyline,25.017,22.712253173828124
mlb-sd-sf-2026-09-11,1789185320600.0,-1,moneyline,123.66,177.23821826171874
mlb-sd-sf-2026-09-11,1789185522800.0,1,moneyline,69.969,95.52416552734375
mlb-sd-sf-2026-09-11,1789185555800.0,1,moneyline,30.6,183.63020947265625
mlb-sd-sf-2026-09-11,1789187715200.0,1,moneyline,70.109,110.83496069335938
mlb-sd-sf-2026-09-11,1789188262200.0,-1,moneyline,23.97,42.11366259765625
mlb-sd-sf-2026-09-11,1789188475200.0,1,moneyline,201.282,18.247585205078124
mlb-sd-sf-2026-09-11,1789188550800.0,-1,moneyline,5.82,50.5708017578125
mlb-sd-sf-2026-09-11,1789188664600.0,1,moneyline,10.178,38.948117431640625
mlb-sd-sf-2026-09-11,1789188964600.0,1,moneyline,5.999,34.95187280273438
mlb-sd-sf-2026-09-11,1789189527600.0,1,moneyline,180.278,58.297302734375
mlb-sd-sf-2026-09-11,1789189922400.0,-1,moneyline,43.073,201.0106943359375
mlb-sd-sf-2026-09-11,1789190238600.0,1,moneyline,140.148,74.71550903320312
mlb-sd-sf-2026-09-11,1789190268600.0,1,moneyline,170.148,284.62509814453125
mlb-sd-sf-2026-09-11,1789185589200.0,1,spread,20.653,38.6341240234375
mlb-sd-sf-2026-09-11,1789186450800.0,1,spread,191.689,185.815578125
mlb-sd-sf-2026-09-11,1789187076600.0,-1,spread,215.504,127.52488012695312
mlb-sd-sf-2026-09-11,1789187636000.0,1,spread,324.838,57.8810419921875
mlb-sd-sf-2026-09-11,1789189713800.0,1,spread,179.209,41.75620336914063
mlb-sd-sf-2026-09-11,1789189867800.0,-1,spread,148.049,38.8599013671875
mlb-sd-sf-2026-09-11,1789179666200.0,1,total,26.154,147.4776477050781
mlb-sd-sf-2026-09-11,1789180892400.0,-1,total,187.406,181.0858427734375
mlb-sd-sf-2026-09-11,1789181521800.0,-1,spread,104.443,85.38834057617187
mlb-sd-sf-2026-09-11,1789179530000.0,1,spread,44.823,67.40592846679688
mlb-sd-sf-2026-09-11,1789182022000.0,-1,spread,25.922,85.067337890625
mlb-sd-sf-2026-09-11,1789182394200.0,-1,spread,56.394,8.608367431640625
mlb-sd-sf-2026-09-11,1789190191200.0,1,spread,92.748,43.963361083984374
mlb-sd-sf-2026-09-11,1789181137800.0,-1,spread,30.928,39.4333466796875
mlb-sd-sf-2026-09-11,1789184184600.0,1,spread,148.808,91.30750463867187
mlb-sd-sf-2026-09-11,1789187632400.0,1,spread,321.238,78.22111083984375
mlb-sd-sf-2026-09-11,1789189234200.0,-1,spread,27.998,46.51749560546875
mlb-sd-sf-2026-09-11,1789179474200.0,-1,total,,20.40794873046875
mlb-sd-sf-2026-09-11,1789184184000.0,-1,total,148.208,124.3900888671875
mlb-sd-sf-2026-09-11,1789184808000.0,-1,total,78.174,88.89409594726563
